variable,product,ice_type,year,month,year-month,region,min,max,mean,median,std,dyn_range
sea_ice_thickness,NaRRS,all,2021,10,2021-10-15,0.0,,,,,,
sea_ice_thickness,AWI,fyi,2021,10,2021-10-15,11.0,,,,,,
sea_ice_thickness,AWI,fyi,2021,10,2021-10-15,12.0,0.3453647494316101,1.3156481981277466,0.7000839114189148,0.6357044577598572,0.227487251162529,0.789609243869781
sea_ice_thickness,AWI,fyi,2021,10,2021-10-15,13.0,,,,,,
sea_ice_thickness,AWI,fyi,2021,10,2021-10-15,14.0,,,,,,
sea_ice_thickness,AWI,fyi,2021,10,2021-10-15,15.0,,,,,,
sea_ice_thickness,AWI,fyi,2021,10,2021-10-15,16.0,,,,,,
sea_ice_thickness,AWI,fyi,2021,10,2021-10-15,17.0,,,,,,
sea_ice_thickness,AWI,fyi,2021,10,2021-10-15,18.0,,,,,,
sea_ice_thickness,AWI,fyi,2021,10,2021-10-15,100.0,-0.06666650623083115,3.2954113483428955,0.5501607656478882,0.5301621556282043,0.2443639039993286,1.0167769140005112
sea_ice_thickness,AWI,myi,2021,10,2021-10-15,0.0,,,,,,
sea_ice_thickness,AWI,myi,2021,10,2021-10-15,1.0,0.33520349860191345,2.93940806388855,1.4206420183181763,1.3941925764083862,0.4102824330329895,1.5516060173511503
sea_ice_thickness,AWI,myi,2021,10,2021-10-15,2.0,0.1541203409433365,1.5648154020309448,0.7778634428977966,0.7874311208724976,0.2616715729236603,1.2169621193408968
sea_ice_thickness,AWI,fyi,2021,10,2021-10-15,10.0,,,,,,
sea_ice_thickness,AWI,myi,2021,10,2021-10-15,3.0,0.7327475547790527,0.7721843123435974,0.7524659633636475,0.7524659633636475,0.01971837878227234,0.03785928726196297
sea_ice_thickness,AWI,myi,2021,10,2021-10-15,5.0,,,,,,
sea_ice_thickness,AWI,myi,2021,10,2021-10-15,6.0,,,,,,
sea_ice_thickness,AWI,myi,2021,10,2021-10-15,7.0,,,,,,
sea_ice_thickness,AWI,myi,2021,10,2021-10-15,8.0,0.622381329536438,1.4207220077514648,0.9103211760520935,0.8483461141586304,0.20062841475009918,0.712037127017975
sea_ice_thickness,AWI,myi,2021,10,2021-10-15,9.0,,,,,,
sea_ice_thickness,AWI,myi,2021,10,2021-10-15,10.0,,,,,,
sea_ice_thickness,AWI,myi,2021,10,2021-10-15,11.0,,,,,,
sea_ice_thickness,AWI,myi,2021,10,2021-10-15,12.0,0.37339699268341064,2.1843020915985107,1.151869535446167,1.1379950046539307,0.3267388641834259,1.2169719338417053
sea_ice_thickness,AWI,myi,2021,10,2021-10-15,13.0,,,,,,
sea_ice_thickness,AWI,myi,2021,10,2021-10-15,14.0,,,,,,
sea_ice_thickness,AWI,myi,2021,10,2021-10-15,15.0,,,,,,
sea_ice_thickness,AWI,myi,2021,10,2021-10-15,16.0,,,,,,
sea_ice_thickness,AWI,myi,2021,10,2021-10-15,4.0,,,,,,
sea_ice_thickness,AWI,myi,2021,10,2021-10-15,17.0,,,,,,
sea_ice_thickness,AWI,fyi,2021,10,2021-10-15,9.0,0.8009113073348999,1.0870352983474731,0.9497949481010437,0.9775885343551636,0.11346276849508286,0.28420274615287777
sea_ice_thickness,AWI,fyi,2021,10,2021-10-15,7.0,0.3171159029006958,0.3171159029006958,0.3171159029006958,0.3171159029006958,0.0,0.0
sea_ice_thickness,AWI,all,2021,10,2021-10-15,1.0,-0.06978293508291245,2.93940806388855,1.080177903175354,1.0283043384552002,0.4565329849720001,1.8077263808250428
sea_ice_thickness,AWI,all,2021,10,2021-10-15,2.0,0.0743519514799118,1.6806508302688599,0.6768357157707214,0.6159960031509399,0.2970033586025238,1.234748394489288
sea_ice_thickness,AWI,all,2021,10,2021-10-15,3.0,0.055915866047143936,1.5997512340545654,0.544811487197876,0.5197737812995911,0.2121524065732956,0.8433641135692599
sea_ice_thickness,AWI,all,2021,10,2021-10-15,4.0,0.003058322938159108,3.2954113483428955,0.589046835899353,0.5744333863258362,0.23652151226997375,0.8042908674478526
sea_ice_thickness,AWI,all,2021,10,2021-10-15,5.0,0.0016622139373794198,0.6684312224388123,0.3441408574581146,0.3366948962211609,0.16708914935588837,0.6131198859587308
sea_ice_thickness,AWI,all,2021,10,2021-10-15,6.0,-0.00905557256191969,1.1912188529968262,0.28641825914382935,0.2224852442741394,0.2510855495929718,1.0684137678891419
sea_ice_thickness,AWI,all,2021,10,2021-10-15,7.0,0.3171159029006958,0.3171159029006958,0.3171159029006958,0.3171159029006958,0.0,0.0
sea_ice_thickness,AWI,all,2021,10,2021-10-15,8.0,-0.06666650623083115,1.8241852521896362,0.8632869124412537,0.8483016490936279,0.32973793148994446,1.3753198811411855
sea_ice_thickness,AWI,all,2021,10,2021-10-15,9.0,0.8009113073348999,1.2653822898864746,0.9744949340820312,1.0064051151275635,0.12150037288665771,0.4023455727100371
sea_ice_thickness,AWI,all,2021,10,2021-10-15,10.0,,,,,,
sea_ice_thickness,AWI,all,2021,10,2021-10-15,11.0,,,,,,
sea_ice_thickness,AWI,all,2021,10,2021-10-15,12.0,0.27299365401268005,2.1843020915985107,0.9567146301269531,0.9041385650634766,0.3535778224468231,1.4003574067354203
sea_ice_thickness,AWI,fyi,2021,10,2021-10-15,8.0,-0.06666650623083115,1.7285003662109375,0.7164992094039917,0.6888958811759949,0.33662131428718567,1.274359665513039
sea_ice_thickness,AWI,all,2021,10,2021-10-15,13.0,,,,,,
sea_ice_thickness,AWI,all,2021,10,2021-10-15,15.0,,,,,,
sea_ice_thickness,AWI,all,2021,10,2021-10-15,16.0,,,,,,
sea_ice_thickness,AWI,all,2021,10,2021-10-15,17.0,,,,,,
sea_ice_thickness,AWI,all,2021,10,2021-10-15,18.0,,,,,,
sea_ice_thickness,AWI,all,2021,10,2021-10-15,100.0,-0.06978293508291245,3.2954113483428955,0.9184086918830872,0.8409976363182068,0.454670250415802,1.8495422947406766
sea_ice_thickness,AWI,fyi,2021,10,2021-10-15,0.0,,,,,,
sea_ice_thickness,AWI,fyi,2021,10,2021-10-15,1.0,0.06794865429401398,1.5649025440216064,0.5479628443717957,0.546462893486023,0.1981656849384308,0.8202770739793771
sea_ice_thickness,AWI,fyi,2021,10,2021-10-15,2.0,0.12712815403938293,1.471753478050232,0.5448049306869507,0.5034529566764832,0.22549977898597717,1.0236274868249893
sea_ice_thickness,AWI,fyi,2021,10,2021-10-15,3.0,0.055915866047143936,1.5997512340545654,0.5351462960243225,0.512202799320221,0.21337658166885376,0.8818068611621828
sea_ice_thickness,AWI,fyi,2021,10,2021-10-15,4.0,0.003058322938159108,3.2954113483428955,0.5784502029418945,0.5612846612930298,0.24394819140434265,0.8240890842676154
sea_ice_thickness,AWI,fyi,2021,10,2021-10-15,5.0,0.0016622139373794198,0.6684312224388123,0.3411144018173218,0.3354052007198334,0.16620303690433502,0.6141650635004045
sea_ice_thickness,AWI,fyi,2021,10,2021-10-15,6.0,-0.00905557256191969,1.1912188529968262,0.2990264296531677,0.226103276014328,0.2590426206588745,1.0821492529660464
sea_ice_thickness,AWI,all,2021,10,2021-10-15,14.0,,,,,,
sea_ice_thickness,AWI,myi,2021,10,2021-10-15,18.0,,,,,,
sea_ice_thickness,AWI,myi,2021,10,2021-10-15,100.0,0.1541203409433365,2.93940806388855,1.3472000360488892,1.3261044025421143,0.4314640164375305,1.6287028741836544
snow_depth,AWI,all,2021,10,2021-10-15,0.0,,,,,,
snow_depth,AWI,fyi,2021,10,2021-10-15,12.0,0.09703200310468674,0.26747357845306396,0.13018962740898132,0.12290553003549576,0.032729651778936386,0.1469544026255607
snow_depth,AWI,fyi,2021,10,2021-10-15,13.0,,,,,,
snow_depth,AWI,fyi,2021,10,2021-10-15,14.0,,,,,,
snow_depth,AWI,fyi,2021,10,2021-10-15,15.0,,,,,,
snow_depth,AWI,fyi,2021,10,2021-10-15,16.0,,,,,,
snow_depth,AWI,fyi,2021,10,2021-10-15,17.0,,,,,,
snow_depth,AWI,fyi,2021,10,2021-10-15,18.0,,,,,,
snow_depth,AWI,fyi,2021,10,2021-10-15,100.0,0.006608542986214161,0.2835533618927002,0.09346285462379456,0.09646844863891602,0.03430894762277603,0.1610791842266917
snow_depth,AWI,myi,2021,10,2021-10-15,0.0,,,,,,
snow_depth,AWI,myi,2021,10,2021-10-15,1.0,0.0860929861664772,0.31055423617362976,0.22884885966777802,0.22519353032112122,0.0328495092689991,0.1198891833424568
snow_depth,AWI,myi,2021,10,2021-10-15,2.0,0.060487713664770126,0.20871515572071075,0.15426772832870483,0.17421385645866394,0.04425555095076561,0.13949177011847497
snow_depth,AWI,myi,2021,10,2021-10-15,3.0,0.11629409343004227,0.14743934571743011,0.1318667232990265,0.1318667232990265,0.015572626143693924,0.029899442195892342
snow_depth,AWI,fyi,2021,10,2021-10-15,11.0,,,,,,
snow_depth,AWI,myi,2021,10,2021-10-15,4.0,,,,,,
snow_depth,AWI,myi,2021,10,2021-10-15,6.0,,,,,,
snow_depth,AWI,myi,2021,10,2021-10-15,7.0,,,,,,
snow_depth,AWI,myi,2021,10,2021-10-15,8.0,0.15842844545841217,0.2820751965045929,0.2457425743341446,0.24702605605125427,0.029787534847855568,0.10568662583827976
snow_depth,AWI,myi,2021,10,2021-10-15,9.0,,,,,,
snow_depth,AWI,myi,2021,10,2021-10-15,10.0,,,,,,
snow_depth,AWI,myi,2021,10,2021-10-15,11.0,,,,,,
snow_depth,AWI,myi,2021,10,2021-10-15,12.0,0.11350813508033752,0.3183552026748657,0.2505553960800171,0.2614747881889343,0.04105263948440552,0.15103138983249664
snow_depth,AWI,myi,2021,10,2021-10-15,100.0,0.060487713664770126,0.3183552026748657,0.2261962890625,0.22506004571914673,0.03983014076948166,0.18529162272810934
snow_depth,AWI,myi,2021,10,2021-10-15,18.0,,,,,,
snow_depth,AWI,myi,2021,10,2021-10-15,17.0,,,,,,
snow_depth,AWI,myi,2021,10,2021-10-15,16.0,,,,,,
snow_depth,AWI,myi,2021,10,2021-10-15,15.0,,,,,,
snow_depth,AWI,myi,2021,10,2021-10-15,5.0,,,,,,
snow_depth,AWI,fyi,2021,10,2021-10-15,10.0,,,,,,
snow_depth,AWI,fyi,2021,10,2021-10-15,9.0,0.17552053928375244,0.2835533618927002,0.2166014164686203,0.2000666707754135,0.03667542338371277,0.10435004234313963
snow_depth,AWI,fyi,2021,10,2021-10-15,8.0,0.043078504502773285,0.20990817248821259,0.11940880119800568,0.11797846108675003,0.03807073086500168,0.1334754648804664
snow_depth,AWI,all,2021,10,2021-10-15,1.0,0.03896038979291916,0.31055423617362976,0.18773916363716125,0.20307734608650208,0.05871784687042236,0.24075925871729853
snow_depth,AWI,all,2021,10,2021-10-15,2.0,0.05127003788948059,0.20871515572071075,0.11141570657491684,0.09834733605384827,0.041538991034030914,0.1422257356345654
snow_depth,AWI,all,2021,10,2021-10-15,3.0,0.07605969905853271,0.17613822221755981,0.09623964130878448,0.09302283823490143,0.014198523946106434,0.06239766925573345
snow_depth,AWI,all,2021,10,2021-10-15,4.0,0.09217250347137451,0.16464653611183167,0.10516882687807083,0.1016380712389946,0.012091117911040783,0.05524217307567597
snow_depth,AWI,all,2021,10,2021-10-15,5.0,0.02703164517879486,0.07448655366897583,0.05001777037978172,0.05035659298300743,0.010775620117783546,0.04179530054330826
snow_depth,AWI,all,2021,10,2021-10-15,6.0,0.006608542986214161,0.03091323748230934,0.017083588987588882,0.01576676405966282,0.004965180065482855,0.02061402138322592
snow_depth,AWI,all,2021,10,2021-10-15,7.0,0.04369441047310829,0.04369441047310829,0.04369441047310829,0.04369441047310829,0.0,0.0
snow_depth,AWI,all,2021,10,2021-10-15,8.0,0.043078504502773285,0.28454723954200745,0.17057274281978607,0.17465552687644958,0.05704301968216896,0.21397031217813492
snow_depth,AWI,all,2021,10,2021-10-15,9.0,0.17552053928375244,0.2835533618927002,0.21139679849147797,0.20059800148010254,0.029337747022509575,0.10107645988464356
snow_depth,AWI,all,2021,10,2021-10-15,10.0,,,,,,
snow_depth,AWI,all,2021,10,2021-10-15,11.0,,,,,,
snow_depth,AWI,all,2021,10,2021-10-15,12.0,0.06985960155725479,0.3183552026748657,0.20050665736198425,0.2090299129486084,0.06830064952373505,0.20459176868200302
snow_depth,AWI,all,2021,10,2021-10-15,13.0,,,,,,
snow_depth,AWI,all,2021,10,2021-10-15,14.0,,,,,,
snow_depth,AWI,all,2021,10,2021-10-15,15.0,,,,,,
snow_depth,AWI,all,2021,10,2021-10-15,16.0,,,,,,
snow_depth,AWI,all,2021,10,2021-10-15,17.0,,,,,,
snow_depth,AWI,all,2021,10,2021-10-15,18.0,,,,,,
snow_depth,AWI,all,2021,10,2021-10-15,100.0,0.006608542986214161,0.3183552026748657,0.16149763762950897,0.1726655215024948,0.0673995092511177,0.2453273974359035
snow_depth,AWI,fyi,2021,10,2021-10-15,0.0,,,,,,
snow_depth,AWI,fyi,2021,10,2021-10-15,1.0,0.03947283700108528,0.2111341655254364,0.09538812935352325,0.0946929082274437,0.03601875156164169,0.1347581847012043
snow_depth,AWI,fyi,2021,10,2021-10-15,2.0,0.05127003788948059,0.15897004306316376,0.0843605175614357,0.08082151412963867,0.020031308755278587,0.08903125971555699
snow_depth,AWI,fyi,2021,10,2021-10-15,3.0,0.07605969905853271,0.17613822221755981,0.09370902180671692,0.09255179762840271,0.012006828561425209,0.05516809225082392
snow_depth,AWI,fyi,2021,10,2021-10-15,4.0,0.09217250347137451,0.14776024222373962,0.10258154571056366,0.10141134262084961,0.006117495708167553,0.02468141406774517
snow_depth,AWI,fyi,2021,10,2021-10-15,5.0,0.02703164517879486,0.07448655366897583,0.05018610507249832,0.05041656643152237,0.01074978057295084,0.0418080673366785
snow_depth,AWI,fyi,2021,10,2021-10-15,6.0,0.006608542986214161,0.03091323748230934,0.017402352765202522,0.015805542469024658,0.005085329990833998,0.019967508669942617
snow_depth,AWI,fyi,2021,10,2021-10-15,7.0,0.04369441047310829,0.04369441047310829,0.04369441047310829,0.04369441047310829,0.0,0.0
sea_ice_thickness,AWI,all,2021,10,2021-10-15,0.0,,,,,,
snow_depth,AWI,myi,2021,10,2021-10-15,14.0,,,,,,
snow_depth,AWI,myi,2021,10,2021-10-15,13.0,,,,,,
sea_ice_thickness,NaRRS,myi,2021,10,2021-10-15,100.0,-0.3978263289958477,2.2424437907494856,1.2372902097467016,1.2761503026459744,0.4075304761916943,1.6341907781301979
sea_ice_thickness,NaRRS,fyi,2021,10,2021-10-15,16.0,,,,,,
sea_ice_thickness,NaRRS,fyi,2021,10,2021-10-15,17.0,,,,,,
sea_ice_thickness,NaRRS,fyi,2021,10,2021-10-15,18.0,,,,,,
sea_ice_thickness,NaRRS,fyi,2021,10,2021-10-15,100.0,-0.48075135987005524,3.0818191283509853,0.748235089795459,0.7639559321839897,0.40655616094410196,1.75460896366182
sea_ice_thickness,NaRRS,myi,2021,10,2021-10-15,0.0,,,,,,
sea_ice_thickness,NaRRS,myi,2021,10,2021-10-15,1.0,0.031799371041245195,2.2424437907494856,1.327935625550795,1.3523780131141403,0.34972576279078005,1.391784247876136
sea_ice_thickness,NaRRS,myi,2021,10,2021-10-15,2.0,-0.09012500357709996,1.4192761463877364,0.7673715663028159,0.8284360592813462,0.3569482721689011,1.3981716442536651
sea_ice_thickness,NaRRS,myi,2021,10,2021-10-15,3.0,0.6775858563100883,0.8882703163196766,0.7829280863148824,0.7829280863148824,0.10534223000479415,0.20225708160920486
sea_ice_thickness,NaRRS,myi,2021,10,2021-10-15,4.0,,,,,,
sea_ice_thickness,NaRRS,myi,2021,10,2021-10-15,5.0,,,,,,
sea_ice_thickness,NaRRS,myi,2021,10,2021-10-15,6.0,,,,,,
sea_ice_thickness,NaRRS,fyi,2021,10,2021-10-15,15.0,,,,,,
sea_ice_thickness,NaRRS,myi,2021,10,2021-10-15,7.0,,,,,,
sea_ice_thickness,NaRRS,myi,2021,10,2021-10-15,9.0,,,,,,
sea_ice_thickness,NaRRS,myi,2021,10,2021-10-15,10.0,,,,,,
sea_ice_thickness,NaRRS,myi,2021,10,2021-10-15,11.0,,,,,,
sea_ice_thickness,NaRRS,myi,2021,10,2021-10-15,12.0,-0.3978263289958477,2.201350056428778,0.802040379645987,0.745828275078857,0.4111383142619754,1.7749307818366542
sea_ice_thickness,NaRRS,myi,2021,10,2021-10-15,13.0,,,,,,
sea_ice_thickness,NaRRS,myi,2021,10,2021-10-15,14.0,,,,,,
sea_ice_thickness,NaRRS,myi,2021,10,2021-10-15,15.0,,,,,,
sea_ice_thickness,NaRRS,myi,2021,10,2021-10-15,16.0,,,,,,
sea_ice_thickness,NaRRS,myi,2021,10,2021-10-15,17.0,,,,,,
sea_ice_thickness,NaRRS,myi,2021,10,2021-10-15,18.0,,,,,,
snow_depth,NaRRS,all,2021,10,2021-10-15,0.0,,,,,,
sea_ice_thickness,NaRRS,myi,2021,10,2021-10-15,8.0,0.26909348216853335,1.1719541386608365,0.7995796962238515,0.8487836735342537,0.22934779336930755,0.8301797787938858
sea_ice_thickness,NaRRS,fyi,2021,10,2021-10-15,14.0,,,,,,
sea_ice_thickness,NaRRS,fyi,2021,10,2021-10-15,13.0,,,,,,
sea_ice_thickness,NaRRS,fyi,2021,10,2021-10-15,12.0,-0.4219589580866341,1.447586491053744,0.6599908457934229,0.6697192163551804,0.37609327128139697,1.5557543388662785
sea_ice_thickness,NaRRS,all,2021,10,2021-10-15,7.0,0.7985523781024687,1.189992466990816,0.9942724225466424,0.9942724225466424,0.19572004444417362,0.37578248533281333
sea_ice_thickness,NaRRS,all,2021,10,2021-10-15,8.0,-0.32729215534251566,3.0818191283509853,0.9036852686495013,0.8462745725652601,0.4589603546360975,1.9316529795972976
sea_ice_thickness,NaRRS,all,2021,10,2021-10-15,9.0,-0.14575794908657258,1.4405292375627283,0.8772674311935518,0.9135691031254152,0.3926214281583986,1.4180096974761556
sea_ice_thickness,NaRRS,all,2021,10,2021-10-15,10.0,,,,,,
sea_ice_thickness,NaRRS,all,2021,10,2021-10-15,11.0,,,,,,
sea_ice_thickness,NaRRS,all,2021,10,2021-10-15,12.0,-0.4745119496365646,2.201350056428778,0.7349241304757417,0.714980132661708,0.4075278104087977,1.7282287982012459
sea_ice_thickness,NaRRS,all,2021,10,2021-10-15,13.0,,,,,,
sea_ice_thickness,NaRRS,all,2021,10,2021-10-15,14.0,,,,,,
sea_ice_thickness,NaRRS,all,2021,10,2021-10-15,15.0,,,,,,
sea_ice_thickness,NaRRS,all,2021,10,2021-10-15,16.0,,,,,,
sea_ice_thickness,NaRRS,all,2021,10,2021-10-15,17.0,,,,,,
sea_ice_thickness,NaRRS,all,2021,10,2021-10-15,18.0,,,,,,
sea_ice_thickness,NaRRS,all,2021,10,2021-10-15,100.0,-0.48075135987005524,3.0818191283509853,0.9563001489227914,0.9398561849422933,0.4183436949803644,1.784484783260784
sea_ice_thickness,NaRRS,fyi,2021,10,2021-10-15,0.0,,,,,,
sea_ice_thickness,NaRRS,fyi,2021,10,2021-10-15,1.0,-0.4529711099232827,2.226846463630813,0.7519235594653524,0.7916511900686074,0.3370386973384583,1.389612431083056
sea_ice_thickness,NaRRS,fyi,2021,10,2021-10-15,2.0,-0.42799854208328725,1.9388340229155006,0.8571180316661965,0.852993190643673,0.36940930558542173,1.6310703231017947
sea_ice_thickness,NaRRS,fyi,2021,10,2021-10-15,3.0,-0.42155262051164755,1.4630687920371201,0.7334734552361779,0.7877179708056066,0.4067042625699471,1.690204435168789
sea_ice_thickness,NaRRS,fyi,2021,10,2021-10-15,4.0,-0.48075135987005524,2.596642281536333,0.7052079928102509,0.6908224498793061,0.38508742785326056,1.6663591984550756
sea_ice_thickness,NaRRS,fyi,2021,10,2021-10-15,5.0,-0.3103190963209528,1.8940524864354313,0.6693778034387425,0.6807874612083822,0.4328641049470612,1.9102229616049236
sea_ice_thickness,NaRRS,fyi,2021,10,2021-10-15,6.0,-0.2150444501369909,1.2464215905440668,0.35022035162611465,0.2961570788811961,0.35344946467487776,1.3070265615123347
sea_ice_thickness,NaRRS,fyi,2021,10,2021-10-15,7.0,0.7985523781024687,1.189992466990816,0.9942724225466424,0.9942724225466424,0.19572004444417362,0.37578248533281333
sea_ice_thickness,NaRRS,fyi,2021,10,2021-10-15,8.0,-0.32729215534251566,3.0818191283509853,1.037908593838032,0.9607215747058131,0.6042206356923917,2.605471828327263
sea_ice_thickness,NaRRS,fyi,2021,10,2021-10-15,9.0,-0.14575794908657258,1.278850120039138,0.7208724837501561,0.8556715274182061,0.40336945325736845,1.2943321443398446
sea_ice_thickness,NaRRS,fyi,2021,10,2021-10-15,10.0,,,,,,
sea_ice_thickness,NaRRS,fyi,2021,10,2021-10-15,11.0,,,,,,
snow_depth,NaRRS,all,2021,10,2021-10-15,1.0,0.002000000000000668,0.3081400000000003,0.1721506471017375,0.169442222222224,0.06097525167263885,0.22766783968719584
sea_ice_thickness,NaRRS,all,2021,10,2021-10-15,6.0,-0.2150444501369909,1.2464215905440668,0.3583552526115077,0.32059494266743693,0.3383451052355729,1.2980213568055112
snow_depth,NaRRS,all,2021,10,2021-10-15,2.0,0.03499999999999659,0.23300000000000567,0.13877665747478599,0.14449999999999363,0.0464045090535361,0.1545100000000012
snow_depth,NaRRS,all,2021,10,2021-10-15,4.0,0.01099999999999568,0.22100000000000364,0.07443101167670159,0.07200000000000273,0.03423688847880416,0.141121666666666
snow_depth,NaRRS,fyi,2021,10,2021-10-15,14.0,,,,,,
snow_depth,NaRRS,fyi,2021,10,2021-10-15,15.0,,,,,,
snow_depth,NaRRS,fyi,2021,10,2021-10-15,16.0,,,,,,
snow_depth,NaRRS,fyi,2021,10,2021-10-15,17.0,,,,,,
snow_depth,NaRRS,fyi,2021,10,2021-10-15,18.0,,,,,,
snow_depth,NaRRS,fyi,2021,10,2021-10-15,100.0,0.002000000000000668,0.2250000000000001,0.0844368629117983,0.08109523809523815,0.035519146639592325,0.15606000000001052
snow_depth,NaRRS,myi,2021,10,2021-10-15,0.0,,,,,,
snow_depth,NaRRS,myi,2021,10,2021-10-15,1.0,0.10599999999999454,0.3081400000000003,0.22649469170351785,0.23204272727272907,0.037310640961812074,0.13006609181141493
snow_depth,NaRRS,myi,2021,10,2021-10-15,2.0,0.10400000000000394,0.23300000000000567,0.18764577532806773,0.19250000000000078,0.02425462793197441,0.10424500000000002
snow_depth,NaRRS,myi,2021,10,2021-10-15,3.0,0.10099999999999909,0.1419999999999959,0.1214999999999975,0.1214999999999975,0.02049999999999841,0.03935999999999695
snow_depth,NaRRS,myi,2021,10,2021-10-15,4.0,,,,,,
snow_depth,NaRRS,fyi,2021,10,2021-10-15,13.0,,,,,,
snow_depth,NaRRS,myi,2021,10,2021-10-15,5.0,,,,,,
snow_depth,NaRRS,myi,2021,10,2021-10-15,7.0,,,,,,
snow_depth,NaRRS,myi,2021,10,2021-10-15,8.0,0.10200000000000009,0.2024444444444445,0.1670287638516806,0.16528571428571429,0.023294111543797808,0.08455444444444456
snow_depth,NaRRS,myi,2021,10,2021-10-15,9.0,,,,,,
snow_depth,NaRRS,myi,2021,10,2021-10-15,10.0,,,,,,
snow_depth,NaRRS,myi,2021,10,2021-10-15,11.0,,,,,,
snow_depth,NaRRS,myi,2021,10,2021-10-15,12.0,0.08599999999999852,0.2715000000000005,0.20958085535793244,0.21474999999999947,0.0350242195534926,0.12785294117647256
snow_depth,NaRRS,myi,2021,10,2021-10-15,13.0,,,,,,
snow_depth,NaRRS,myi,2021,10,2021-10-15,14.0,,,,,,
snow_depth,NaRRS,myi,2021,10,2021-10-15,15.0,,,,,,
snow_depth,NaRRS,myi,2021,10,2021-10-15,16.0,,,,,,
snow_depth,NaRRS,myi,2021,10,2021-10-15,17.0,,,,,,
snow_depth,NaRRS,myi,2021,10,2021-10-15,6.0,,,,,,
snow_depth,NaRRS,fyi,2021,10,2021-10-15,12.0,0.041999999999999926,0.2250000000000001,0.13292771739130413,0.1332500000000001,0.04280466693053082,0.16590000000000266
snow_depth,NaRRS,fyi,2021,10,2021-10-15,11.0,,,,,,
snow_depth,NaRRS,fyi,2021,10,2021-10-15,10.0,,,,,,
snow_depth,NaRRS,all,2021,10,2021-10-15,5.0,0.018000000000000682,0.18272727272727282,0.07225456553016368,0.06537500000000263,0.029826708338193557,0.13012000000000784
snow_depth,NaRRS,all,2021,10,2021-10-15,6.0,0.007999999999999119,0.1795,0.07232734420928871,0.07187499999999969,0.0384136594953787,0.139120000000001
snow_depth,NaRRS,all,2021,10,2021-10-15,7.0,0.06299999999999943,0.07600000000000051,0.06949999999999998,0.06949999999999998,0.00650000000000054,0.012480000000001032
snow_depth,NaRRS,all,2021,10,2021-10-15,8.0,0.0326666666666667,0.23200000000000007,0.12947699936216073,0.1315625,0.04152348377774188,0.15326577777777783
snow_depth,NaRRS,all,2021,10,2021-10-15,9.0,0.0470000000000006,0.1639999999999997,0.10222523448773453,0.09930000000000017,0.024614838237872985,0.0985752380952374
snow_depth,NaRRS,all,2021,10,2021-10-15,10.0,,,,,,
snow_depth,NaRRS,all,2021,10,2021-10-15,11.0,,,,,,
snow_depth,NaRRS,all,2021,10,2021-10-15,12.0,0.041999999999999926,0.2715000000000005,0.17859946067438576,0.1800000000000003,0.04818292220092988,0.19046666666666373
snow_depth,NaRRS,all,2021,10,2021-10-15,13.0,,,,,,
snow_depth,NaRRS,all,2021,10,2021-10-15,14.0,,,,,,
snow_depth,NaRRS,all,2021,10,2021-10-15,15.0,,,,,,
snow_depth,NaRRS,all,2021,10,2021-10-15,16.0,,,,,,
snow_depth,NaRRS,all,2021,10,2021-10-15,17.0,,,,,,
snow_depth,NaRRS,all,2021,10,2021-10-15,18.0,,,,,,
snow_depth,NaRRS,all,2021,10,2021-10-15,100.0,0.002000000000000668,0.3081400000000003,0.14928845229786222,0.1520599999999999,0.06486663158432562,0.2397454166666695
snow_depth,NaRRS,fyi,2021,10,2021-10-15,0.0,,,,,,
snow_depth,NaRRS,fyi,2021,10,2021-10-15,1.0,0.002000000000000668,0.17450000000000188,0.08545064720965889,0.08479755434782617,0.02734787243878455,0.11422333333333748
snow_depth,NaRRS,fyi,2021,10,2021-10-15,2.0,0.03499999999999659,0.2187499999999929,0.10242590370712286,0.0909999999999987,0.03676097739495563,0.14928999999999995
snow_depth,NaRRS,fyi,2021,10,2021-10-15,3.0,0.008000000000009777,0.1735000000000042,0.07487500000000052,0.0740999999999995,0.030855691233872478,0.13510999999998743
snow_depth,NaRRS,fyi,2021,10,2021-10-15,4.0,0.01099999999999568,0.22100000000000364,0.07000816670102399,0.06925000000000381,0.03192253458755491,0.13919200000000093
snow_depth,NaRRS,fyi,2021,10,2021-10-15,5.0,0.018000000000000682,0.18272727272727282,0.07234714674315405,0.06575000000000042,0.029985061594592292,0.13036000000000764
snow_depth,NaRRS,fyi,2021,10,2021-10-15,6.0,0.007999999999999119,0.1795,0.06802854713313902,0.06500000000000128,0.03692708126650012,0.1286199999999998
snow_depth,NaRRS,fyi,2021,10,2021-10-15,7.0,0.06299999999999943,0.07600000000000051,0.06949999999999998,0.06949999999999998,0.00650000000000054,0.012480000000001032
snow_depth,NaRRS,fyi,2021,10,2021-10-15,8.0,0.0326666666666667,0.219,0.10270044842639782,0.10100000000000002,0.03865622519190151,0.1521527272727272
snow_depth,NaRRS,fyi,2021,10,2021-10-15,9.0,0.0470000000000006,0.1639999999999997,0.10089696969696968,0.09904999999999978,0.030840616041125517,0.10721999999999911
snow_depth,NaRRS,all,2021,10,2021-10-15,3.0,0.008000000000009777,0.1735000000000042,0.0796594377510045,0.0800000000000054,0.03297731627964675,0.13754999999998926
snow_depth,NaRRS,myi,2021,10,2021-10-15,18.0,,,,,,
snow_depth,NaRRS,myi,2021,10,2021-10-15,100.0,0.08599999999999852,0.3081400000000003,0.22142947379838052,0.22508940092165897,0.0385053365362275,0.14172194326241233
sea_ice_thickness,NaRRS,all,2021,10,2021-10-15,1.0,-0.4529711099232827,2.6954785168225044,1.0720308587648189,1.0284535146061735,0.3796513396599292,1.6093456602826843
sea_ice_thickness,NaRRS,all,2021,10,2021-10-15,2.0,-0.42799854208328725,2.191713136127248,0.8956264209624403,0.89819136592115,0.3812607844551035,1.594701064348127
sea_ice_thickness,NaRRS,all,2021,10,2021-10-15,3.0,-0.42155262051164755,1.4630687920371201,0.7397765416284462,0.7948969936309898,0.3991016718111617,1.6728881368576365
sea_ice_thickness,NaRRS,all,2021,10,2021-10-15,4.0,-0.48075135987005524,2.596642281536333,0.7182462615733652,0.7034283580481429,0.37638532243314426,1.6028190963890678
sea_ice_thickness,NaRRS,all,2021,10,2021-10-15,5.0,-0.3103190963209528,1.8940524864354313,0.6658129441289978,0.678231880023489,0.4316801234242697,1.9072220727151656
snow_depth,AWI,myi,2021,11,2021-11-15,8.0,0.1583791971206665,0.280910462141037,0.24437826871871948,0.2747217118740082,0.04429301992058754,0.12014137387275695
sea_ice_thickness,AWI,fyi,2021,11,2021-11-15,18.0,,,,,,
sea_ice_thickness,AWI,fyi,2021,11,2021-11-15,17.0,,,,,,
sea_ice_thickness,AWI,fyi,2021,11,2021-11-15,16.0,,,,,,
sea_ice_thickness,AWI,fyi,2021,11,2021-11-15,15.0,,,,,,
sea_ice_thickness,AWI,fyi,2021,11,2021-11-15,14.0,,,,,,
sea_ice_thickness,AWI,fyi,2021,11,2021-11-15,11.0,,,,,,
sea_ice_thickness,AWI,fyi,2021,11,2021-11-15,12.0,0.17600660026073456,1.5995571613311768,0.794650137424469,0.7915467023849487,0.2928776443004608,1.217518891096115
sea_ice_thickness,AWI,fyi,2021,11,2021-11-15,100.0,-0.2760319411754608,3.1523380279541016,0.6182435154914856,0.6178122758865356,0.26848870515823364,1.0796628147363663
sea_ice_thickness,AWI,fyi,2021,11,2021-11-15,10.0,,,,,,
sea_ice_thickness,AWI,fyi,2021,11,2021-11-15,9.0,-0.059375181794166565,2.2804453372955322,0.4964473843574524,0.374847412109375,0.3990791141986847,1.6516138200648127
sea_ice_thickness,AWI,fyi,2021,11,2021-11-15,13.0,,,,,,
sea_ice_thickness,AWI,myi,2021,11,2021-11-15,0.0,,,,,,
sea_ice_thickness,AWI,myi,2021,11,2021-11-15,3.0,0.816365659236908,0.9580915570259094,0.8872286081314087,0.8872286081314087,0.07086294889450073,0.13605686187744137
sea_ice_thickness,AWI,myi,2021,11,2021-11-15,2.0,0.497140109539032,1.9918514490127563,1.3103183507919312,1.3254591226577759,0.321424275636673,1.1366412866115567
sea_ice_thickness,AWI,fyi,2021,11,2021-11-15,8.0,-0.07475772500038147,1.7523952722549438,0.8433722853660583,0.9105091094970703,0.3264997601509094,1.258438165485859
sea_ice_thickness,AWI,myi,2021,11,2021-11-15,4.0,,,,,,
sea_ice_thickness,AWI,myi,2021,11,2021-11-15,5.0,,,,,,
sea_ice_thickness,AWI,myi,2021,11,2021-11-15,6.0,,,,,,
sea_ice_thickness,AWI,myi,2021,11,2021-11-15,7.0,,,,,,
sea_ice_thickness,AWI,myi,2021,11,2021-11-15,8.0,0.681429386138916,1.7091275453567505,1.324464201927185,1.3647422790527344,0.2772429287433624,0.9359373998641969
sea_ice_thickness,AWI,myi,2021,11,2021-11-15,9.0,,,,,,
sea_ice_thickness,AWI,myi,2021,11,2021-11-15,10.0,,,,,,
sea_ice_thickness,AWI,myi,2021,11,2021-11-15,11.0,,,,,,
sea_ice_thickness,AWI,myi,2021,11,2021-11-15,12.0,0.5833396315574646,3.8514599800109863,1.5995488166809082,1.4688255786895752,0.6142017245292664,2.1546883404254915
sea_ice_thickness,NaRRS,all,2021,11,2021-11-15,0.0,,,,,,
sea_ice_thickness,AWI,myi,2021,11,2021-11-15,1.0,0.8248032927513123,3.683817148208618,1.8460345268249512,1.738598108291626,0.5263009667396545,1.9637358546257022
sea_ice_thickness,AWI,fyi,2021,11,2021-11-15,7.0,-0.1593790054321289,2.4672772884368896,0.42051830887794495,0.3680896759033203,0.3034000098705292,1.0400408380478618
sea_ice_thickness,AWI,fyi,2021,11,2021-11-15,4.0,0.302662193775177,1.899402379989624,0.7811989188194275,0.771988034248352,0.16681556403636932,0.6438476830720901
sea_ice_thickness,AWI,fyi,2021,11,2021-11-15,5.0,0.18205226957798004,3.1523380279541016,0.5420565009117126,0.5127718448638916,0.21896691620349884,0.7422657430171968
sea_ice_thickness,AWI,all,2021,11,2021-11-15,0.0,,,,,,
sea_ice_thickness,AWI,all,2021,11,2021-11-15,1.0,0.0345691442489624,3.683817148208618,1.1890031099319458,1.0696141719818115,0.598533034324646,2.354306242465973
sea_ice_thickness,AWI,all,2021,11,2021-11-15,2.0,-0.15679210424423218,1.9918514490127563,0.8611609935760498,0.8400856256484985,0.38965004682540894,1.665369817316532
sea_ice_thickness,AWI,all,2021,11,2021-11-15,3.0,-0.2760319411754608,1.6365233659744263,0.6049138903617859,0.6076276302337646,0.18954473733901978,0.8129974579811081
sea_ice_thickness,AWI,all,2021,11,2021-11-15,4.0,0.302662193775177,1.899402379989624,0.7856245040893555,0.7750605344772339,0.17055518925189972,0.664669548869133
sea_ice_thickness,AWI,all,2021,11,2021-11-15,5.0,0.18205226957798004,3.1523380279541016,0.5432515144348145,0.5129172205924988,0.2203226536512375,0.7657719361782064
sea_ice_thickness,AWI,all,2021,11,2021-11-15,6.0,-0.11219881474971771,1.7028448581695557,0.35447725653648376,0.33924099802970886,0.19402724504470825,0.8062494454905389
sea_ice_thickness,AWI,all,2021,11,2021-11-15,7.0,-0.1593790054321289,2.4672772884368896,0.42051830887794495,0.3680896759033203,0.3034000098705292,1.0400408380478618
sea_ice_thickness,AWI,all,2021,11,2021-11-15,8.0,-0.07475772500038147,3.88891339302063,1.048205018043518,1.0326776504516602,0.4158773720264435,1.580605766177177
sea_ice_thickness,AWI,all,2021,11,2021-11-15,9.0,-0.059375181794166565,2.2804453372955322,0.5045779347419739,0.37642231583595276,0.4074856638908386,1.7201421958394352
sea_ice_thickness,AWI,all,2021,11,2021-11-15,10.0,,,,,,
sea_ice_thickness,AWI,all,2021,11,2021-11-15,11.0,,,,,,
sea_ice_thickness,AWI,all,2021,11,2021-11-15,12.0,0.17600660026073456,3.8514599800109863,1.183947205543518,1.055588722229004,0.5503643155097961,2.328750178217888
sea_ice_thickness,AWI,all,2021,11,2021-11-15,13.0,,,,,,
sea_ice_thickness,AWI,all,2021,11,2021-11-15,14.0,,,,,,
sea_ice_thickness,AWI,all,2021,11,2021-11-15,15.0,,,,,,
sea_ice_thickness,AWI,all,2021,11,2021-11-15,16.0,,,,,,
sea_ice_thickness,AWI,all,2021,11,2021-11-15,17.0,,,,,,
sea_ice_thickness,AWI,all,2021,11,2021-11-15,18.0,,,,,,
sea_ice_thickness,AWI,all,2021,11,2021-11-15,100.0,-0.2760319411754608,3.88891339302063,0.8979051113128662,0.7622496485710144,0.5407413244247437,2.297179588675499
sea_ice_thickness,AWI,fyi,2021,11,2021-11-15,0.0,,,,,,
sea_ice_thickness,AWI,fyi,2021,11,2021-11-15,1.0,0.0345691442489624,2.363081455230713,0.7095019221305847,0.6856473684310913,0.2033974975347519,0.811804445385933
sea_ice_thickness,AWI,fyi,2021,11,2021-11-15,2.0,-0.15679210424423218,1.687235951423645,0.5942540168762207,0.596605658531189,0.2710724472999573,1.196116871014237
sea_ice_thickness,AWI,fyi,2021,11,2021-11-15,3.0,-0.2760319411754608,1.6365233659744263,0.5999628901481628,0.6012604832649231,0.18986721336841583,0.8183232259750374
sea_ice_thickness,AWI,myi,2021,11,2021-11-15,13.0,,,,,,
sea_ice_thickness,AWI,fyi,2021,11,2021-11-15,6.0,-0.11219881474971771,1.7028448581695557,0.35447725653648376,0.33924099802970886,0.19402724504470825,0.8062494454905389
sea_ice_thickness,AWI,myi,2021,11,2021-11-15,14.0,,,,,,
sea_ice_thickness,AWI,myi,2021,11,2021-11-15,15.0,,,,,,
sea_ice_thickness,AWI,myi,2021,11,2021-11-15,16.0,,,,,,
snow_depth,AWI,fyi,2021,11,2021-11-15,9.0,0.009471086785197258,0.31222862005233765,0.05813611298799515,0.0428311824798584,0.06204085797071457,0.27066639097407463
snow_depth,AWI,fyi,2021,11,2021-11-15,10.0,,,,,,
snow_depth,AWI,fyi,2021,11,2021-11-15,11.0,,,,,,
snow_depth,AWI,fyi,2021,11,2021-11-15,12.0,0.05453276261687279,0.28425362706184387,0.13330644369125366,0.13262644410133362,0.05338491499423981,0.22329201564192772
snow_depth,AWI,fyi,2021,11,2021-11-15,13.0,,,,,,
snow_depth,AWI,fyi,2021,11,2021-11-15,14.0,,,,,,
snow_depth,AWI,fyi,2021,11,2021-11-15,15.0,,,,,,
snow_depth,AWI,fyi,2021,11,2021-11-15,16.0,,,,,,
snow_depth,AWI,fyi,2021,11,2021-11-15,17.0,,,,,,
snow_depth,AWI,fyi,2021,11,2021-11-15,18.0,,,,,,
snow_depth,AWI,fyi,2021,11,2021-11-15,100.0,0.007894403301179409,0.31222862005233765,0.08854897320270538,0.09362399578094482,0.04252077639102936,0.1858568014204502
snow_depth,AWI,myi,2021,11,2021-11-15,0.0,,,,,,
snow_depth,AWI,myi,2021,11,2021-11-15,1.0,0.1841130554676056,0.3467572331428528,0.264657199382782,0.258129358291626,0.034212592989206314,0.11635106354951857
snow_depth,AWI,fyi,2021,11,2021-11-15,8.0,0.03630198538303375,0.28105559945106506,0.14807698130607605,0.14762453734874725,0.06284371018409729,0.22160776510834695
snow_depth,AWI,myi,2021,11,2021-11-15,2.0,0.07317798584699631,0.2311732918024063,0.1920262575149536,0.2010514885187149,0.031073536723852158,0.11634788662195204
snow_depth,AWI,myi,2021,11,2021-11-15,4.0,,,,,,
snow_depth,AWI,myi,2021,11,2021-11-15,5.0,,,,,,
snow_depth,AWI,myi,2021,11,2021-11-15,100.0,0.07317798584699631,0.37251991033554077,0.2629528045654297,0.25824761390686035,0.04271065816283226,0.16392796456813813
snow_depth,AWI,myi,2021,11,2021-11-15,18.0,,,,,,
snow_depth,AWI,myi,2021,11,2021-11-15,17.0,,,,,,
snow_depth,AWI,myi,2021,11,2021-11-15,16.0,,,,,,
snow_depth,AWI,myi,2021,11,2021-11-15,15.0,,,,,,
snow_depth,AWI,myi,2021,11,2021-11-15,14.0,,,,,,
snow_depth,AWI,myi,2021,11,2021-11-15,6.0,,,,,,
snow_depth,AWI,myi,2021,11,2021-11-15,12.0,0.12337610870599747,0.37251991033554077,0.28108182549476624,0.3048928380012512,0.06218095123767853,0.22256009340286256
snow_depth,AWI,myi,2021,11,2021-11-15,11.0,,,,,,
snow_depth,AWI,myi,2021,11,2021-11-15,10.0,,,,,,
snow_depth,AWI,myi,2021,11,2021-11-15,9.0,,,,,,
snow_depth,AWI,myi,2021,11,2021-11-15,3.0,0.1827116161584854,0.1873135268688202,0.1850125789642334,0.1850125789642334,0.002300955355167389,0.0044178342819213845
snow_depth,AWI,myi,2021,11,2021-11-15,7.0,,,,,,
snow_depth,AWI,fyi,2021,11,2021-11-15,7.0,0.00853986106812954,0.05599288269877434,0.03142718970775604,0.030699472874403,0.011141778901219368,0.04148855350911618
snow_depth,AWI,fyi,2021,11,2021-11-15,5.0,0.048287831246852875,0.17585821449756622,0.08550425618886948,0.08708249032497406,0.019904209300875664,0.06728021018207077
sea_ice_thickness,AWI,myi,2021,11,2021-11-15,17.0,,,,,,
sea_ice_thickness,AWI,myi,2021,11,2021-11-15,18.0,,,,,,
sea_ice_thickness,AWI,myi,2021,11,2021-11-15,100.0,0.497140109539032,3.8514599800109863,1.7797821760177612,1.683431625366211,0.5489176511764526,2.145485887527465
snow_depth,AWI,all,2021,11,2021-11-15,0.0,,,,,,
snow_depth,AWI,all,2021,11,2021-11-15,1.0,0.04440737143158913,0.3467572331428528,0.1796233206987381,0.18705850839614868,0.07856577634811401,0.26797756515443316
snow_depth,AWI,all,2021,11,2021-11-15,2.0,0.04102526232600212,0.24353209137916565,0.12991788983345032,0.12489984929561615,0.05654272064566612,0.1798459678888321
snow_depth,AWI,all,2021,11,2021-11-15,3.0,0.04401180148124695,0.1873135268688202,0.09333033859729767,0.09437638521194458,0.014100974425673485,0.05418947190046308
snow_depth,AWI,all,2021,11,2021-11-15,4.0,0.09986597299575806,0.2049708366394043,0.11750684678554535,0.11653881520032883,0.010746529325842857,0.04432860061526299
snow_depth,AWI,all,2021,11,2021-11-15,5.0,0.048287831246852875,0.17585821449756622,0.08550067245960236,0.08699735254049301,0.01988391950726509,0.06719899788498868
snow_depth,AWI,all,2021,11,2021-11-15,6.0,0.007894403301179409,0.07949534803628922,0.030154747888445854,0.029794206842780113,0.011080857366323471,0.0437434546649456
snow_depth,AWI,all,2021,11,2021-11-15,7.0,0.00853986106812954,0.05599288269877434,0.03142718970775604,0.030699472874403,0.011141778901219368,0.04148855350911618
snow_depth,AWI,all,2021,11,2021-11-15,8.0,0.03630198538303375,0.2932514548301697,0.1911042332649231,0.20532694458961487,0.06819508969783783,0.22981999695301053
snow_depth,AWI,all,2021,11,2021-11-15,9.0,0.009471086785197258,0.31222862005233765,0.05969185754656792,0.042857326567173004,0.06390208750963211,0.27017677208408697
snow_depth,AWI,fyi,2021,11,2021-11-15,6.0,0.007894403301179409,0.07949534803628922,0.030154747888445854,0.029794206842780113,0.011080857366323471,0.0437434546649456
snow_depth,AWI,all,2021,11,2021-11-15,10.0,,,,,,
snow_depth,AWI,all,2021,11,2021-11-15,12.0,0.05453276261687279,0.37251991033554077,0.20769932866096497,0.19234910607337952,0.08411771804094315,0.2827995052933693
snow_depth,AWI,all,2021,11,2021-11-15,13.0,,,,,,
snow_depth,AWI,all,2021,11,2021-11-15,14.0,,,,,,
snow_depth,AWI,all,2021,11,2021-11-15,15.0,,,,,,
snow_depth,AWI,all,2021,11,2021-11-15,16.0,,,,,,
snow_depth,AWI,all,2021,11,2021-11-15,17.0,,,,,,
snow_depth,AWI,all,2021,11,2021-11-15,18.0,,,,,,
snow_depth,AWI,all,2021,11,2021-11-15,100.0,0.007894403301179409,0.37251991033554077,0.13548643887043,0.1123179942369461,0.08032788336277008,0.2993461355566977
snow_depth,AWI,fyi,2021,11,2021-11-15,0.0,,,,,,
snow_depth,AWI,fyi,2021,11,2021-11-15,1.0,0.04440737143158913,0.2883106470108032,0.10413682460784912,0.10512013733386993,0.03220287710428238,0.14745296001434327
snow_depth,AWI,fyi,2021,11,2021-11-15,2.0,0.04102526232600212,0.2390819787979126,0.08306921273469925,0.07337453961372375,0.03321387618780136,0.13041501380503154
snow_depth,AWI,fyi,2021,11,2021-11-15,3.0,0.04401180148124695,0.15429095923900604,0.09243715554475784,0.09410752356052399,0.012383914552628994,0.050933980643749155
snow_depth,AWI,fyi,2021,11,2021-11-15,4.0,0.09986597299575806,0.194532111287117,0.11693961918354034,0.11652208864688873,0.008691160939633846,0.03560944125056252
snow_depth,AWI,all,2021,11,2021-11-15,11.0,,,,,,
snow_depth,AWI,myi,2021,11,2021-11-15,13.0,,,,,,
sea_ice_thickness,NaRRS,all,2021,11,2021-11-15,1.0,-0.392518829770097,3.0099684156353255,1.2576973189838327,1.18366435493936,0.4577861097162964,2.00534869428871
snow_depth,NaRRS,fyi,2021,11,2021-11-15,10.0,,,,,,
snow_depth,NaRRS,fyi,2021,11,2021-11-15,8.0,0.04600000000000004,0.2416666666666667,0.12675582293909157,0.12036111111111114,0.03812758854599386,0.15749571428571457
snow_depth,NaRRS,fyi,2021,11,2021-11-15,7.0,0.006000000000000227,0.2356666666666669,0.09195964298598226,0.09012500000000001,0.030981050402495526,0.1114500000000001
snow_depth,NaRRS,fyi,2021,11,2021-11-15,6.0,0.008000000000000007,0.16699999999999982,0.0846813028219731,0.08400000000000066,0.022597798334616063,0.0944107777777804
snow_depth,NaRRS,fyi,2021,11,2021-11-15,5.0,0.01200000000000001,0.1844999999999998,0.08367962714540816,0.08143181818181808,0.023682424980134453,0.11151250000000201
snow_depth,NaRRS,fyi,2021,11,2021-11-15,4.0,0.02650000000000574,0.14993749999999828,0.08300479583269722,0.08209999999999884,0.021433704249956827,0.09481999999998841
snow_depth,NaRRS,fyi,2021,11,2021-11-15,3.0,0.009000000000000341,0.28000000000000114,0.09511190559269324,0.09328571428571511,0.02442974607898028,0.09895799999999164
snow_depth,NaRRS,fyi,2021,11,2021-11-15,2.0,0.020666666666661133,0.18114285714285216,0.10387482606380043,0.10387500000000038,0.029651915926026447,0.11531818181818468
snow_depth,NaRRS,fyi,2021,11,2021-11-15,1.0,0.023249999999990223,0.23300000000000054,0.10086373467636807,0.09630952380952532,0.02599457719841326,0.10263099999999045
snow_depth,NaRRS,fyi,2021,11,2021-11-15,0.0,,,,,,
snow_depth,NaRRS,all,2021,11,2021-11-15,100.0,0.006000000000000227,0.3560000000000002,0.13108504782895003,0.10831136363636396,0.06627899169007112,0.2627057450980411
snow_depth,NaRRS,all,2021,11,2021-11-15,18.0,,,,,,
snow_depth,NaRRS,all,2021,11,2021-11-15,17.0,,,,,,
snow_depth,NaRRS,fyi,2021,11,2021-11-15,9.0,0.01750000000000007,0.1980000000000004,0.07702558278004956,0.07212500000000054,0.030608767765161148,0.12845619047619053
snow_depth,NaRRS,all,2021,11,2021-11-15,16.0,,,,,,
snow_depth,NaRRS,all,2021,11,2021-11-15,13.0,0.057999999999992724,0.07200000000000273,0.06499999999999773,0.06499999999999773,0.007000000000005002,0.013440000000009611
snow_depth,NaRRS,all,2021,11,2021-11-15,12.0,0.01099999999999568,0.3396818181818172,0.16739464628008677,0.1628624999999984,0.07404703159964121,0.2558992857142869
snow_depth,NaRRS,all,2021,11,2021-11-15,11.0,,,,,,
snow_depth,NaRRS,all,2021,11,2021-11-15,10.0,,,,,,
snow_depth,NaRRS,all,2021,11,2021-11-15,9.0,0.01750000000000007,0.1980000000000004,0.07748374541426031,0.07237500000000097,0.03088041099184552,0.12831714285714285
snow_depth,NaRRS,all,2021,11,2021-11-15,8.0,0.04600000000000004,0.2416666666666667,0.15035980933085266,0.152,0.04216491115798859,0.14670200000000028
snow_depth,NaRRS,all,2021,11,2021-11-15,7.0,0.006000000000000227,0.2356666666666669,0.09195964298598226,0.09012500000000001,0.030981050402495526,0.1114500000000001
snow_depth,NaRRS,all,2021,11,2021-11-15,6.0,0.008000000000000007,0.16699999999999982,0.0846813028219731,0.08400000000000066,0.022597798334616063,0.0944107777777804
snow_depth,NaRRS,all,2021,11,2021-11-15,5.0,0.01200000000000001,0.20399999999999974,0.08392669156605415,0.08149999999999984,0.02427697340525385,0.11184000000000258
snow_depth,NaRRS,all,2021,11,2021-11-15,4.0,0.02650000000000574,0.15393750000000228,0.08397731355277598,0.082452380952383,0.02240852220695372,0.10017299999999812
snow_depth,NaRRS,all,2021,11,2021-11-15,3.0,0.009000000000000341,0.28000000000000114,0.09601140004721882,0.09396874999999927,0.024658292630850367,0.10313666666665491
snow_depth,NaRRS,all,2021,11,2021-11-15,2.0,0.020666666666661133,0.28733333333333444,0.1446460390974669,0.14352777777777626,0.04774196002969838,0.1771966666666672
snow_depth,NaRRS,all,2021,11,2021-11-15,15.0,,,,,,
snow_depth,NaRRS,all,2021,11,2021-11-15,1.0,0.023249999999990223,0.3560000000000002,0.16570610625510088,0.15212394957983194,0.07475219265886851,0.2647537855750486
snow_depth,NaRRS,fyi,2021,11,2021-11-15,11.0,,,,,,
snow_depth,NaRRS,fyi,2021,11,2021-11-15,13.0,0.057999999999992724,0.07200000000000273,0.06499999999999773,0.06499999999999773,0.007000000000005002,0.013440000000009611
snow_depth,NaRRS,myi,2021,11,2021-11-15,100.0,0.11999999999999744,0.3560000000000002,0.2533348526488127,0.25461538461538497,0.04706720009128831,0.16427843855606528
snow_depth,NaRRS,myi,2021,11,2021-11-15,18.0,,,,,,
snow_depth,NaRRS,myi,2021,11,2021-11-15,17.0,,,,,,
snow_depth,NaRRS,myi,2021,11,2021-11-15,16.0,,,,,,
snow_depth,NaRRS,myi,2021,11,2021-11-15,15.0,,,,,,
snow_depth,NaRRS,myi,2021,11,2021-11-15,14.0,,,,,,
snow_depth,NaRRS,myi,2021,11,2021-11-15,13.0,,,,,,
snow_depth,NaRRS,myi,2021,11,2021-11-15,12.0,0.11999999999999744,0.3396818181818172,0.24497721072171658,0.24446666666666644,0.0438443327195156,0.16704249999999887
snow_depth,NaRRS,myi,2021,11,2021-11-15,11.0,,,,,,
snow_depth,NaRRS,myi,2021,11,2021-11-15,10.0,,,,,,
snow_depth,NaRRS,myi,2021,11,2021-11-15,9.0,,,,,,
snow_depth,NaRRS,myi,2021,11,2021-11-15,8.0,0.1800714285714285,0.22641935483870998,0.2102984385458906,0.21603846153846165,0.013394463233164523,0.042820423963133986
snow_depth,NaRRS,fyi,2021,11,2021-11-15,12.0,0.01099999999999568,0.1673333333333311,0.08932012757965124,0.08282857142857132,0.028273059241604857,0.11158333333333605
snow_depth,NaRRS,myi,2021,11,2021-11-15,7.0,,,,,,
snow_depth,NaRRS,myi,2021,11,2021-11-15,5.0,,,,,,
snow_depth,NaRRS,myi,2021,11,2021-11-15,4.0,,,,,,
snow_depth,NaRRS,myi,2021,11,2021-11-15,3.0,0.13749999999998863,0.14799999999999613,0.14274999999999238,0.14274999999999238,0.005250000000003752,0.010080000000007194
snow_depth,NaRRS,myi,2021,11,2021-11-15,2.0,0.18090476190476154,0.28093750000000295,0.2206839118431447,0.21899431818181836,0.02196581524729686,0.08863413961039163
snow_depth,NaRRS,myi,2021,11,2021-11-15,1.0,0.16259523809523896,0.3560000000000002,0.2575506265434443,0.2610238095238102,0.04745987237918995,0.16283998088867757
snow_depth,NaRRS,myi,2021,11,2021-11-15,0.0,,,,,,
snow_depth,NaRRS,fyi,2021,11,2021-11-15,100.0,0.006000000000000227,0.28000000000000114,0.09279141638610185,0.08950000000000102,0.027826544552564645,0.11555333333333107
snow_depth,NaRRS,fyi,2021,11,2021-11-15,18.0,,,,,,
snow_depth,NaRRS,fyi,2021,11,2021-11-15,17.0,,,,,,
snow_depth,NaRRS,fyi,2021,11,2021-11-15,16.0,,,,,,
snow_depth,NaRRS,fyi,2021,11,2021-11-15,15.0,,,,,,
snow_depth,NaRRS,fyi,2021,11,2021-11-15,14.0,,,,,,
snow_depth,NaRRS,myi,2021,11,2021-11-15,6.0,,,,,,
snow_depth,NaRRS,all,2021,11,2021-11-15,0.0,,,,,,
snow_depth,NaRRS,all,2021,11,2021-11-15,14.0,,,,,,
sea_ice_thickness,NaRRS,myi,2021,11,2021-11-15,18.0,,,,,,
sea_ice_thickness,NaRRS,fyi,2021,11,2021-11-15,8.0,-0.4570504332234647,2.7416736429567337,0.9690268348964175,1.0050268788485255,0.5332361678977869,2.5298128703466243
sea_ice_thickness,NaRRS,fyi,2021,11,2021-11-15,7.0,-0.45757547794859477,2.715047096311205,1.0137844832225549,0.9984732153385707,0.4927046809750666,2.1539427283598678
sea_ice_thickness,NaRRS,fyi,2021,11,2021-11-15,6.0,-0.48852878736690286,2.4721346400018764,0.8413479503230595,0.8619819398292619,0.3644767692372879,1.6223575950176967
sea_ice_thickness,NaRRS,fyi,2021,11,2021-11-15,5.0,-0.3624571237294276,2.085133299047044,0.7286311525037977,0.7346896106674496,0.32787008156267655,1.4855456944668437
sea_ice_thickness,NaRRS,fyi,2021,11,2021-11-15,4.0,-0.4754445804953775,1.5807018041931542,0.8729547127403471,0.9015445768916948,0.287227638559031,1.1902464545316491
sea_ice_thickness,NaRRS,fyi,2021,11,2021-11-15,3.0,-0.4815668240564719,2.0798640776956745,0.7786870744886497,0.8162818634252809,0.3559703740250358,1.558719951697244
sea_ice_thickness,NaRRS,fyi,2021,11,2021-11-15,2.0,-0.27406385479321216,1.8748559403977652,0.9097121540381717,0.9545997757554232,0.37833612294240127,1.4838339845697532
sea_ice_thickness,NaRRS,fyi,2021,11,2021-11-15,1.0,-0.392518829770097,2.0174437872475437,0.962749822389563,0.9767189926542607,0.28855312626495516,1.239070178213237
sea_ice_thickness,NaRRS,fyi,2021,11,2021-11-15,0.0,,,,,,
sea_ice_thickness,NaRRS,all,2021,11,2021-11-15,100.0,-0.48852878736690286,5.770743751619686,1.0594050149872605,1.0296598849510996,0.4702456654165428,2.1047060600479703
sea_ice_thickness,NaRRS,all,2021,11,2021-11-15,18.0,,,,,,
sea_ice_thickness,NaRRS,myi,2021,11,2021-11-15,100.0,0.19963359313019424,3.0099684156353255,1.6232293579441364,1.5966869960040861,0.46251869955736546,1.8293571109885165
sea_ice_thickness,NaRRS,all,2021,11,2021-11-15,16.0,,,,,,
sea_ice_thickness,NaRRS,all,2021,11,2021-11-15,15.0,,,,,,
sea_ice_thickness,NaRRS,all,2021,11,2021-11-15,14.0,,,,,,
sea_ice_thickness,NaRRS,all,2021,11,2021-11-15,13.0,0.3453089676529544,1.2644788501886524,0.8048939089208034,0.8048939089208034,0.459584941267849,0.8824030872342701
sea_ice_thickness,NaRRS,all,2021,11,2021-11-15,12.0,-0.2498910050082941,2.9287653071384816,1.0767450415435618,1.054571334223272,0.44249069982792394,1.9834637712812584
sea_ice_thickness,NaRRS,all,2021,11,2021-11-15,11.0,,,,,,
sea_ice_thickness,NaRRS,all,2021,11,2021-11-15,10.0,,,,,,
sea_ice_thickness,NaRRS,all,2021,11,2021-11-15,9.0,-0.4236089021043199,5.770743751619686,0.9697658819764151,0.7983212575638179,0.7915868525203525,3.200135745773814
sea_ice_thickness,NaRRS,all,2021,11,2021-11-15,8.0,-0.4570504332234647,2.7416736429567337,1.1421654442907603,1.1284087488985188,0.5109941961912617,2.307884152085991
sea_ice_thickness,NaRRS,all,2021,11,2021-11-15,7.0,-0.45757547794859477,2.715047096311205,1.0137844832225549,0.9984732153385707,0.4927046809750666,2.1539427283598678
sea_ice_thickness,NaRRS,all,2021,11,2021-11-15,6.0,-0.48852878736690286,2.4721346400018764,0.8413479503230595,0.8619819398292619,0.3644767692372879,1.6223575950176967
sea_ice_thickness,NaRRS,all,2021,11,2021-11-15,5.0,-0.3624571237294276,2.085133299047044,0.7313862170501092,0.7350839507596826,0.333117064477377,1.5195314505566857
sea_ice_thickness,NaRRS,all,2021,11,2021-11-15,4.0,-0.4754445804953775,1.5807018041931542,0.8760517405749474,0.9043189864349512,0.28610172618574026,1.1882284568489012
sea_ice_thickness,NaRRS,all,2021,11,2021-11-15,3.0,-0.4815668240564719,2.0798640776956745,0.7878087260849682,0.8247926497993688,0.3545659131870703,1.5403048145539597
sea_ice_thickness,NaRRS,all,2021,11,2021-11-15,2.0,-0.27406385479321216,2.3700994884579814,1.1170401195585749,1.1564974191286552,0.3792991601588309,1.6554069273315937
sea_ice_thickness,NaRRS,fyi,2021,11,2021-11-15,9.0,-0.4236089021043199,5.770743751619686,0.9673674262684533,0.7924571726560254,0.7946150469254423,3.2039944396032354
sea_ice_thickness,NaRRS,fyi,2021,11,2021-11-15,10.0,,,,,,
sea_ice_thickness,NaRRS,all,2021,11,2021-11-15,17.0,,,,,,
sea_ice_thickness,NaRRS,fyi,2021,11,2021-11-15,11.0,,,,,,
sea_ice_thickness,NaRRS,myi,2021,11,2021-11-15,16.0,,,,,,
sea_ice_thickness,NaRRS,myi,2021,11,2021-11-15,15.0,,,,,,
sea_ice_thickness,NaRRS,myi,2021,11,2021-11-15,14.0,,,,,,
sea_ice_thickness,NaRRS,myi,2021,11,2021-11-15,13.0,,,,,,
sea_ice_thickness,NaRRS,myi,2021,11,2021-11-15,12.0,0.19963359313019424,2.9287653071384816,1.2673200154260265,1.236288179472813,0.49991475578100664,2.0561282926365627
sea_ice_thickness,NaRRS,myi,2021,11,2021-11-15,11.0,,,,,,
sea_ice_thickness,NaRRS,myi,2021,11,2021-11-15,10.0,,,,,,
sea_ice_thickness,NaRRS,myi,2021,11,2021-11-15,9.0,,,,,,
sea_ice_thickness,NaRRS,myi,2021,11,2021-11-15,8.0,0.7188872561650745,1.6251064111571285,1.3146814180199893,1.3182877116698635,0.23233352117677766,0.823246001099349
sea_ice_thickness,NaRRS,myi,2021,11,2021-11-15,7.0,,,,,,
sea_ice_thickness,NaRRS,myi,2021,11,2021-11-15,6.0,,,,,,
sea_ice_thickness,NaRRS,myi,2021,11,2021-11-15,5.0,,,,,,
sea_ice_thickness,NaRRS,myi,2021,11,2021-11-15,17.0,,,,,,
sea_ice_thickness,NaRRS,myi,2021,11,2021-11-15,3.0,1.0665485909134986,1.0936835071502553,1.080116049031877,1.080116049031877,0.01356745811837834,0.026049519587286296
sea_ice_thickness,NaRRS,myi,2021,11,2021-11-15,4.0,,,,,,
sea_ice_thickness,NaRRS,fyi,2021,11,2021-11-15,13.0,0.3453089676529544,1.2644788501886524,0.8048939089208034,0.8048939089208034,0.459584941267849,0.8824030872342701
sea_ice_thickness,NaRRS,fyi,2021,11,2021-11-15,14.0,,,,,,
sea_ice_thickness,NaRRS,fyi,2021,11,2021-11-15,15.0,,,,,,
sea_ice_thickness,NaRRS,fyi,2021,11,2021-11-15,16.0,,,,,,
sea_ice_thickness,NaRRS,fyi,2021,11,2021-11-15,17.0,,,,,,
sea_ice_thickness,NaRRS,fyi,2021,11,2021-11-15,12.0,-0.2498910050082941,2.590928909828108,0.9047952975837644,0.920615554218003,0.39839041293990446,1.6803150654672623
sea_ice_thickness,NaRRS,fyi,2021,11,2021-11-15,100.0,-0.48852878736690286,5.770743751619686,0.8803187894841419,0.8916043578114383,0.3880522216913478,1.6460420806568572
sea_ice_thickness,NaRRS,myi,2021,11,2021-11-15,0.0,,,,,,
sea_ice_thickness,NaRRS,myi,2021,11,2021-11-15,1.0,0.8459758909347783,3.0099684156353255,1.7020338245521114,1.6633613475280558,0.4314764385872002,1.6271060377791227
sea_ice_thickness,NaRRS,myi,2021,11,2021-11-15,2.0,0.6552708621824195,2.167264190695877,1.3741145650239524,1.366823740131967,0.284573664118572,0.9551980889008715
sea_ice_thickness,NaRRS,fyi,2021,11,2021-11-15,18.0,,,,,,
sea_ice_thickness,AWI,fyi,2021,12,2021-12-15,14.0,-0.2821575701236725,1.718740463256836,0.28912153840065,0.0931517481803894,0.5326850414276123,1.8016379755735392
sea_ice_thickness,AWI,fyi,2021,12,2021-12-15,13.0,-0.1790372133255005,1.1087563037872314,0.4277840554714203,0.3932972848415375,0.3351384997367859,1.1680012959241866
sea_ice_thickness,AWI,fyi,2021,12,2021-12-15,12.0,0.24790263175964355,1.7204238176345825,0.8880517482757568,0.8644825220108032,0.2951294779777527,1.2493171912431715
sea_ice_thickness,AWI,fyi,2021,12,2021-12-15,4.0,0.2208588868379593,2.305354595184326,0.8956636190414429,0.8868659734725952,0.19307945668697357,0.7748511433601379
sea_ice_thickness,AWI,fyi,2021,12,2021-12-15,11.0,0.014909189194440842,7.028162002563477,0.5183741450309753,0.3320908546447754,0.9094473719596863,3.4072549924254423
sea_ice_thickness,AWI,fyi,2021,12,2021-12-15,8.0,0.004804999101907015,3.3213577270507812,1.1139304637908936,1.1360013484954834,0.4492344856262207,1.85168379843235
sea_ice_thickness,AWI,fyi,2021,12,2021-12-15,9.0,-0.2989848852157593,2.890068531036377,0.6465221643447876,0.6036132574081421,0.329426109790802,1.3150709491968153
sea_ice_thickness,AWI,fyi,2021,12,2021-12-15,7.0,-0.1665138602256775,1.5944747924804688,0.5223240852355957,0.5141821503639221,0.23920278251171112,1.0228449076414103
sea_ice_thickness,AWI,fyi,2021,12,2021-12-15,6.0,-0.06395823508501053,2.075761318206787,0.500656247138977,0.47735220193862915,0.24411574006080627,1.0220889899134635
sea_ice_thickness,AWI,fyi,2021,12,2021-12-15,5.0,0.08248450607061386,1.7373921871185303,0.7325584888458252,0.7122719287872314,0.1944592148065567,0.7911653101444245
sea_ice_thickness,AWI,fyi,2021,12,2021-12-15,15.0,,,,,,
sea_ice_thickness,AWI,fyi,2021,12,2021-12-15,10.0,,,,,,
sea_ice_thickness,AWI,fyi,2021,12,2021-12-15,16.0,,,,,,
sea_ice_thickness,AWI,myi,2021,12,2021-12-15,3.0,0.03866350278258324,0.5841053128242493,0.3985794484615326,0.4152878224849701,0.1748063564300537,0.5087833048403263
sea_ice_thickness,AWI,fyi,2021,12,2021-12-15,18.0,,,,,,
sea_ice_thickness,AWI,fyi,2021,12,2021-12-15,100.0,-0.2989848852157593,7.028162002563477,0.7480380535125732,0.7411924600601196,0.33106353878974915,1.2677458238601682
sea_ice_thickness,AWI,myi,2021,12,2021-12-15,0.0,,,,,,
sea_ice_thickness,AWI,myi,2021,12,2021-12-15,1.0,0.9665240049362183,3.998497486114502,2.014308452606201,1.9248712062835693,0.5329572558403015,2.1287386536598216
sea_ice_thickness,AWI,myi,2021,12,2021-12-15,2.0,0.5738811492919922,3.101595878601074,1.2931797504425049,1.2503081560134888,0.3671391010284424,1.3889964699745176
sea_ice_thickness,AWI,myi,2021,12,2021-12-15,4.0,,,,,,
sea_ice_thickness,AWI,myi,2021,12,2021-12-15,5.0,,,,,,
sea_ice_thickness,AWI,myi,2021,12,2021-12-15,6.0,,,,,,
sea_ice_thickness,AWI,myi,2021,12,2021-12-15,7.0,,,,,,
sea_ice_thickness,AWI,myi,2021,12,2021-12-15,8.0,0.5795477628707886,1.402849555015564,1.0838305950164795,1.269094467163086,0.3607385754585266,0.7903697204589843
sea_ice_thickness,AWI,myi,2021,12,2021-12-15,9.0,1.4092398881912231,1.4092398881912231,1.4092398881912231,1.4092398881912231,0.0,0.0
sea_ice_thickness,AWI,myi,2021,12,2021-12-15,10.0,,,,,,
sea_ice_thickness,AWI,fyi,2021,12,2021-12-15,3.0,-0.08129830658435822,2.7675459384918213,0.7013480067253113,0.7095862030982971,0.24878691136837006,1.0158236786723138
sea_ice_thickness,AWI,fyi,2021,12,2021-12-15,17.0,,,,,,
sea_ice_thickness,AWI,fyi,2021,12,2021-12-15,2.0,0.06225933879613876,2.1523985862731934,0.736452043056488,0.6976080536842346,0.25692829489707947,0.9677757263183597
snow_depth,NaRRS,myi,2021,12,2021-12-15,18.0,,,,,,
sea_ice_thickness,AWI,fyi,2021,12,2021-12-15,0.0,,,,,,
sea_ice_thickness,AWI,myi,2021,12,2021-12-15,11.0,,,,,,
sea_ice_thickness,NaRRS,all,2021,12,2021-12-15,0.0,,,,,,
sea_ice_thickness,NaRRS,all,2021,12,2021-12-15,1.0,0.18031733782883444,3.5791925195179815,1.4422051397546132,1.3561368434466732,0.4603965774933168,1.901924424921695
sea_ice_thickness,NaRRS,all,2021,12,2021-12-15,2.0,-0.3513613773909583,3.1224306470972913,1.160034498894714,1.1644353106787928,0.3766243891933812,1.6255904336938487
sea_ice_thickness,NaRRS,all,2021,12,2021-12-15,3.0,-0.44589790781537886,3.860943698430674,1.0510124665979328,1.0625558940165167,0.342425604734906,1.4913186366321725
sea_ice_thickness,NaRRS,all,2021,12,2021-12-15,4.0,-0.3140347948088902,2.07812997537917,1.0969690009954631,1.11775631414879,0.23980935967178021,1.0438397139391027
sea_ice_thickness,NaRRS,all,2021,12,2021-12-15,5.0,0.04214715608873121,2.5780445980143156,0.883434662519873,0.8756547165941853,0.2798877054019023,1.2300680959356236
sea_ice_thickness,NaRRS,all,2021,12,2021-12-15,6.0,-0.3634882565841906,2.320469171451549,0.9695411354137119,0.9795168609914704,0.31555060263129703,1.2963944098784834
sea_ice_thickness,AWI,all,2021,12,2021-12-15,0.0,,,,,,
sea_ice_thickness,AWI,all,2021,12,2021-12-15,1.0,0.2595692574977875,3.998497486114502,1.3116044998168945,1.1821448802947998,0.5802329778671265,2.314944636821746
sea_ice_thickness,AWI,all,2021,12,2021-12-15,2.0,0.06225933879613876,3.101595878601074,0.955248236656189,0.9082500338554382,0.3923775851726532,1.6095865380764003
sea_ice_thickness,AWI,all,2021,12,2021-12-15,3.0,-0.08129830658435822,2.7675459384918213,0.697238564491272,0.7059891223907471,0.24920476973056793,1.015170150101185
sea_ice_thickness,AWI,all,2021,12,2021-12-15,4.0,0.2208588868379593,2.305354595184326,0.8961309790611267,0.8882623910903931,0.19278137385845184,0.7742691826820373
sea_ice_thickness,AWI,fyi,2021,12,2021-12-15,1.0,0.2595692574977875,2.698442220687866,0.9181824326515198,0.9107861518859863,0.23542988300323486,0.960158864855766
sea_ice_thickness,AWI,all,2021,12,2021-12-15,5.0,0.08248450607061386,2.2303996086120605,0.7414016723632812,0.7168497443199158,0.20994718372821808,0.8524321198463436
sea_ice_thickness,AWI,all,2021,12,2021-12-15,7.0,-0.1665138602256775,1.5944747924804688,0.5224668383598328,0.5132306814193726,0.2387247383594513,1.0196845956146718
sea_ice_thickness,AWI,all,2021,12,2021-12-15,8.0,0.004804999101907015,3.3213577270507812,1.2003471851348877,1.2086836099624634,0.4441700279712677,1.8881885778903957
sea_ice_thickness,AWI,all,2021,12,2021-12-15,9.0,-0.2989848852157593,2.890068531036377,0.6598573923110962,0.6066218614578247,0.34903886914253235,1.4718957620859159
sea_ice_thickness,AWI,all,2021,12,2021-12-15,10.0,,,,,,
sea_ice_thickness,AWI,all,2021,12,2021-12-15,11.0,0.014909189194440842,7.028162002563477,0.5183741450309753,0.3320908546447754,0.9094473719596863,3.4072549924254423
sea_ice_thickness,AWI,all,2021,12,2021-12-15,12.0,0.24790263175964355,4.579469680786133,1.2044332027435303,1.0933698415756226,0.5502851605415344,2.398394241333008
sea_ice_thickness,AWI,all,2021,12,2021-12-15,13.0,-0.1790372133255005,1.1087563037872314,0.46416565775871277,0.47001442313194275,0.3351743817329407,1.1484393998980522
sea_ice_thickness,AWI,all,2021,12,2021-12-15,14.0,-0.2821575701236725,1.718740463256836,0.28912153840065,0.0931517481803894,0.5326850414276123,1.8016379755735392
sea_ice_thickness,AWI,all,2021,12,2021-12-15,15.0,,,,,,
sea_ice_thickness,AWI,all,2021,12,2021-12-15,16.0,,,,,,
sea_ice_thickness,AWI,all,2021,12,2021-12-15,17.0,,,,,,
sea_ice_thickness,AWI,all,2021,12,2021-12-15,18.0,,,,,,
sea_ice_thickness,AWI,all,2021,12,2021-12-15,100.0,-0.2989848852157593,7.028162002563477,0.9482825398445129,0.8486557006835938,0.5310692191123962,2.3066330897808087
sea_ice_thickness,AWI,all,2021,12,2021-12-15,6.0,-0.06395823508501053,2.075761318206787,0.500656247138977,0.47735220193862915,0.24411574006080627,1.0220889899134635
snow_depth,NaRRS,myi,2021,12,2021-12-15,100.0,0.09100000000000108,0.4049473684210543,0.27864482199341956,0.2816842105263162,0.057489663356053336,0.2015188034188032
sea_ice_thickness,AWI,myi,2021,12,2021-12-15,12.0,0.5603511333465576,4.579469680786133,1.6884734630584717,1.5355373620986938,0.6253145933151245,2.3601355648040774
sea_ice_thickness,AWI,myi,2021,12,2021-12-15,14.0,,,,,,
sea_ice_thickness,NaRRS,myi,2021,12,2021-12-15,15.0,,,,,,
sea_ice_thickness,NaRRS,myi,2021,12,2021-12-15,16.0,,,,,,
sea_ice_thickness,NaRRS,myi,2021,12,2021-12-15,17.0,,,,,,
sea_ice_thickness,NaRRS,myi,2021,12,2021-12-15,18.0,,,,,,
sea_ice_thickness,NaRRS,myi,2021,12,2021-12-15,100.0,0.18747029696385198,3.5961790963799745,1.8375320201111924,1.8120155177366855,0.5154492767468802,1.9978732665537966
snow_depth,NaRRS,all,2021,12,2021-12-15,0.0,,,,,,
snow_depth,NaRRS,all,2021,12,2021-12-15,1.0,0.035000000000003695,0.39605405405405475,0.17222202359336877,0.14769066764132582,0.08245166887374791,0.29332681818181605
snow_depth,NaRRS,all,2021,12,2021-12-15,2.0,0.04599999999999227,0.4049473684210543,0.1506932961629158,0.14529411764705707,0.05123145681760895,0.20402745098038255
sea_ice_thickness,NaRRS,myi,2021,12,2021-12-15,14.0,,,,,,
snow_depth,NaRRS,all,2021,12,2021-12-15,3.0,0.007500000000000284,0.2392499999999984,0.10916552538406281,0.1074999999999946,0.021371342332574216,0.09328571428572323
snow_depth,NaRRS,all,2021,12,2021-12-15,5.0,0.04499999999999993,0.19099999999999984,0.09868839094561803,0.09560000000000173,0.022972978201122273,0.09702689855072613
snow_depth,NaRRS,all,2021,12,2021-12-15,6.0,0.009000000000000341,0.24850000000000003,0.09782051322806615,0.09786666666666607,0.02119663704100401,0.09043733333333318
snow_depth,NaRRS,all,2021,12,2021-12-15,7.0,0.015333333333333718,0.25900000000000034,0.10006630796862527,0.0999999999999998,0.023183381553364097,0.0966799999999998
snow_depth,NaRRS,all,2021,12,2021-12-15,8.0,0.018000000000000002,0.23903333333333338,0.1455046309997309,0.14611538461538456,0.038961613517637335,0.14965470588235302
snow_depth,NaRRS,all,2021,12,2021-12-15,9.0,0.010999999999999233,0.23150000000000004,0.10052942769403907,0.1004365079365077,0.02733800102058758,0.11151999999999841
snow_depth,NaRRS,all,2021,12,2021-12-15,10.0,,,,,,
snow_depth,NaRRS,all,2021,12,2021-12-15,11.0,0.006000000000000227,0.255,0.08545382205513763,0.08058333333333367,0.03088288751460645,0.12415000000000043
snow_depth,NaRRS,all,2021,12,2021-12-15,12.0,0.024499999999999744,0.3870357142857147,0.15544786822701,0.12306250000000235,0.0866735190089433,0.28712907692307715
snow_depth,NaRRS,all,2021,12,2021-12-15,4.0,0.027000000000001023,0.16035294117647053,0.0972727683319773,0.09753846153846268,0.0192275621052147,0.08498933333333025
sea_ice_thickness,NaRRS,myi,2021,12,2021-12-15,13.0,1.4400449245425762,1.4965105059629877,1.468277715252782,1.468277715252782,0.02823279071020579,0.05420695816359533
sea_ice_thickness,NaRRS,myi,2021,12,2021-12-15,12.0,0.18747029696385198,3.5961790963799745,1.5607323790251284,1.4732739969507602,0.5348058403079321,2.1016723643360526
sea_ice_thickness,NaRRS,myi,2021,12,2021-12-15,11.0,,,,,,
sea_ice_thickness,NaRRS,fyi,2021,12,2021-12-15,12.0,-0.0014533889897165864,2.378782197362549,1.0063089109119794,1.031411061897586,0.3485144447858839,1.4906375132247502
sea_ice_thickness,NaRRS,fyi,2021,12,2021-12-15,13.0,-0.4542400635962167,4.496443959050907,1.0999368007383639,0.931242056616702,0.7625334325585855,2.9692415080250374
sea_ice_thickness,NaRRS,fyi,2021,12,2021-12-15,14.0,0.3212608504547916,2.6772195323890173,1.2636665068373814,1.1506568786357434,0.598454484899428,2.011401006875193
sea_ice_thickness,NaRRS,fyi,2021,12,2021-12-15,15.0,,,,,,
sea_ice_thickness,NaRRS,fyi,2021,12,2021-12-15,16.0,,,,,,
sea_ice_thickness,NaRRS,fyi,2021,12,2021-12-15,17.0,,,,,,
sea_ice_thickness,NaRRS,fyi,2021,12,2021-12-15,18.0,,,,,,
sea_ice_thickness,NaRRS,fyi,2021,12,2021-12-15,100.0,-0.48801171256363635,5.037331720305852,1.0552721233812268,1.0533080150009924,0.3909947163813264,1.6294253651830106
sea_ice_thickness,NaRRS,myi,2021,12,2021-12-15,0.0,,,,,,
sea_ice_thickness,NaRRS,myi,2021,12,2021-12-15,1.0,0.8541773624147984,3.5791925195179815,1.9737833235131785,1.9591147369770752,0.44737214969606565,1.7566464646093376
sea_ice_thickness,NaRRS,myi,2021,12,2021-12-15,2.0,0.7886603437362802,3.1224306470972913,1.3643690642939275,1.2670889352699857,0.42044259884455876,1.6464502732633148
sea_ice_thickness,NaRRS,myi,2021,12,2021-12-15,3.0,0.7133738368961531,1.7077662453600624,1.1217888033697787,1.0430284133133512,0.28193815360557095,0.9330657482099856
sea_ice_thickness,NaRRS,myi,2021,12,2021-12-15,4.0,,,,,,
sea_ice_thickness,NaRRS,myi,2021,12,2021-12-15,5.0,,,,,,
sea_ice_thickness,NaRRS,myi,2021,12,2021-12-15,6.0,,,,,,
sea_ice_thickness,NaRRS,myi,2021,12,2021-12-15,7.0,,,,,,
sea_ice_thickness,NaRRS,myi,2021,12,2021-12-15,8.0,0.37248108142420344,1.4674935747003905,1.0625225061321502,1.3020399223133996,0.4280990042932194,1.060208939251735
sea_ice_thickness,NaRRS,myi,2021,12,2021-12-15,9.0,0.803278960956959,0.803278960956959,0.803278960956959,0.803278960956959,0.0,0.0
sea_ice_thickness,NaRRS,myi,2021,12,2021-12-15,10.0,,,,,,
snow_depth,NaRRS,all,2021,12,2021-12-15,13.0,0.02599999999999625,0.2413333333333393,0.1029756010171051,0.08899999999999864,0.04374522493428899,0.1490866666666642
sea_ice_thickness,NaRRS,fyi,2021,12,2021-12-15,11.0,-0.48801171256363635,4.382015293081062,0.7486509853384931,0.7335239631805166,0.4966281480195418,2.0496693938181783
snow_depth,NaRRS,all,2021,12,2021-12-15,14.0,0.007000000000005002,0.17566666666666228,0.0851975490196082,0.08375000000000199,0.040192965138279864,0.15700666666666566
snow_depth,NaRRS,all,2021,12,2021-12-15,16.0,,,,,,
snow_depth,NaRRS,myi,2021,12,2021-12-15,0.0,,,,,,
snow_depth,NaRRS,myi,2021,12,2021-12-15,1.0,0.1840000000000004,0.39605405405405475,0.28938245291286036,0.2917692307692307,0.053268570606594935,0.1814804587522403
snow_depth,NaRRS,myi,2021,12,2021-12-15,2.0,0.1630000000000038,0.4049473684210543,0.2312520789726472,0.2192857142857138,0.04024382334316304,0.15010214206845923
snow_depth,NaRRS,myi,2021,12,2021-12-15,3.0,0.10050000000000381,0.22674999999999912,0.18293055555555485,0.18924999999999415,0.031518638543204476,0.1114549999999958
snow_depth,NaRRS,myi,2021,12,2021-12-15,4.0,,,,,,
snow_depth,NaRRS,myi,2021,12,2021-12-15,5.0,,,,,,
snow_depth,NaRRS,myi,2021,12,2021-12-15,6.0,,,,,,
snow_depth,NaRRS,myi,2021,12,2021-12-15,7.0,,,,,,
snow_depth,NaRRS,fyi,2021,12,2021-12-15,100.0,0.006000000000000227,0.25900000000000034,0.10292731089144191,0.10158333333333343,0.025106716937081826,0.10682000000000125
snow_depth,NaRRS,myi,2021,12,2021-12-15,8.0,0.131,0.23903333333333338,0.16160666666666668,0.14,0.04026999103275017,0.1016306666666667
snow_depth,NaRRS,myi,2021,12,2021-12-15,10.0,,,,,,
snow_depth,NaRRS,myi,2021,12,2021-12-15,11.0,,,,,,
snow_depth,NaRRS,myi,2021,12,2021-12-15,12.0,0.13100000000000023,0.3870357142857147,0.26784168485430493,0.27338461538461634,0.05779169576873973,0.20433548872180102
snow_depth,NaRRS,myi,2021,12,2021-12-15,13.0,0.16374999999999318,0.1909999999999954,0.1773749999999943,0.1773749999999943,0.013625000000001108,0.026160000000002126
snow_depth,NaRRS,myi,2021,12,2021-12-15,14.0,,,,,,
snow_depth,NaRRS,myi,2021,12,2021-12-15,15.0,,,,,,
snow_depth,NaRRS,myi,2021,12,2021-12-15,16.0,,,,,,
snow_depth,NaRRS,myi,2021,12,2021-12-15,17.0,,,,,,
snow_depth,NaRRS,myi,2021,12,2021-12-15,9.0,0.09100000000000108,0.09100000000000108,0.09100000000000108,0.09100000000000108,0.0,0.0
snow_depth,NaRRS,fyi,2021,12,2021-12-15,18.0,,,,,,
snow_depth,NaRRS,fyi,2021,12,2021-12-15,17.0,,,,,,
snow_depth,NaRRS,fyi,2021,12,2021-12-15,16.0,,,,,,
snow_depth,NaRRS,all,2021,12,2021-12-15,17.0,,,,,,
snow_depth,NaRRS,all,2021,12,2021-12-15,18.0,,,,,,
snow_depth,NaRRS,all,2021,12,2021-12-15,100.0,0.006000000000000227,0.4049473684210543,0.13172666812777897,0.11028571428571712,0.06416274262447512,0.27800104947526155
snow_depth,NaRRS,fyi,2021,12,2021-12-15,0.0,,,,,,
snow_depth,NaRRS,fyi,2021,12,2021-12-15,1.0,0.035000000000003695,0.2049999999999983,0.11055677194106768,0.10749999999999978,0.02485663168086459,0.09609928115941933
snow_depth,NaRRS,fyi,2021,12,2021-12-15,2.0,0.04599999999999227,0.18709090909090584,0.1097985598049812,0.10927272727272969,0.025058616114975677,0.0981593162393099
snow_depth,NaRRS,fyi,2021,12,2021-12-15,3.0,0.007500000000000284,0.2392499999999984,0.10706248476394283,0.10683333333333185,0.017854380585241972,0.07902857142857278
snow_depth,NaRRS,fyi,2021,12,2021-12-15,4.0,0.027000000000001023,0.16035294117647053,0.09708253091592568,0.09736363636363489,0.019019327083949697,0.08398736842105636
snow_depth,NaRRS,fyi,2021,12,2021-12-15,5.0,0.04499999999999993,0.19099999999999984,0.09744412549956034,0.09499999999999886,0.022297906950946293,0.09680434782608704
snow_depth,NaRRS,fyi,2021,12,2021-12-15,6.0,0.009000000000000341,0.24850000000000003,0.09782051322806615,0.09786666666666607,0.02119663704100401,0.09043733333333318
snow_depth,NaRRS,fyi,2021,12,2021-12-15,7.0,0.015333333333333718,0.25900000000000034,0.09987623401741781,0.09999999999999964,0.023152486007459606,0.09707999999999961
snow_depth,NaRRS,fyi,2021,12,2021-12-15,8.0,0.018000000000000002,0.213,0.12876626522505746,0.12962500000000005,0.0334220657208708,0.13699000000000022
snow_depth,NaRRS,fyi,2021,12,2021-12-15,9.0,0.010999999999999233,0.23150000000000004,0.09972758437201111,0.10041176470588177,0.026095284151588665,0.10340800000000011
snow_depth,NaRRS,fyi,2021,12,2021-12-15,10.0,,,,,,
snow_depth,NaRRS,fyi,2021,12,2021-12-15,11.0,0.006000000000000227,0.255,0.08545382205513763,0.08058333333333367,0.03088288751460645,0.12415000000000043
snow_depth,NaRRS,fyi,2021,12,2021-12-15,12.0,0.024499999999999744,0.20900000000000318,0.08980402180327614,0.08668750000000158,0.023950775138090984,0.10911999999999489
snow_depth,NaRRS,fyi,2021,12,2021-12-15,13.0,0.02599999999999625,0.2413333333333393,0.09767845864661578,0.08424999999999727,0.04092571907495329,0.13766000000000106
snow_depth,NaRRS,fyi,2021,12,2021-12-15,14.0,0.007000000000005002,0.17566666666666228,0.0851975490196082,0.08375000000000199,0.040192965138279864,0.15700666666666566
snow_depth,NaRRS,fyi,2021,12,2021-12-15,15.0,,,,,,
snow_depth,NaRRS,all,2021,12,2021-12-15,15.0,,,,,,
sea_ice_thickness,AWI,myi,2021,12,2021-12-15,13.0,0.4965982139110565,0.5749467015266418,0.535772442817688,0.535772442817688,0.039174243807792664,0.0752145481109619
sea_ice_thickness,NaRRS,fyi,2021,12,2021-12-15,10.0,,,,,,
sea_ice_thickness,NaRRS,fyi,2021,12,2021-12-15,8.0,-0.4079383665995806,5.037331720305852,1.338937124110206,1.2237675045490632,0.7605860275725533,3.4518250912213007
snow_depth,AWI,all,2021,12,2021-12-15,18.0,,,,,,
snow_depth,AWI,all,2021,12,2021-12-15,100.0,0.002726644277572632,0.398647665977478,0.13267099857330322,0.11546526849269867,0.08417549729347229,0.33025221480056643
snow_depth,AWI,fyi,2021,12,2021-12-15,0.0,,,,,,
snow_depth,AWI,fyi,2021,12,2021-12-15,1.0,0.05076226964592934,0.37553974986076355,0.11596384644508362,0.1198885440826416,0.025473572313785553,0.10087058983743177
snow_depth,AWI,fyi,2021,12,2021-12-15,2.0,0.05835020914673805,0.250980406999588,0.09712289273738861,0.09286710619926453,0.030461667105555534,0.14374351859092707
snow_depth,AWI,fyi,2021,12,2021-12-15,3.0,0.046907033771276474,0.1578078269958496,0.09075123071670532,0.09208013117313385,0.017694326117634773,0.060923455506563175
snow_depth,AWI,fyi,2021,12,2021-12-15,4.0,0.09936640411615372,0.2014850378036499,0.12555357813835144,0.12694118916988373,0.010793614201247692,0.038516487926244736
snow_depth,AWI,fyi,2021,12,2021-12-15,5.0,0.07360450178384781,0.2874213755130768,0.11768271028995514,0.116232730448246,0.02856907993555069,0.13061219096183777
snow_depth,AWI,all,2021,12,2021-12-15,17.0,,,,,,
snow_depth,AWI,fyi,2021,12,2021-12-15,6.0,0.005707052070647478,0.11573795974254608,0.04522865638136864,0.045896515250205994,0.01729663833975792,0.06787333004176613
snow_depth,AWI,fyi,2021,12,2021-12-15,8.0,0.022119048982858658,0.27916795015335083,0.1684817373752594,0.16787254810333252,0.06591764837503433,0.2307889460399747
snow_depth,AWI,fyi,2021,12,2021-12-15,9.0,0.015522987581789494,0.32462674379348755,0.08053449541330338,0.07778603583574295,0.03917193040251732,0.20730458050966263
snow_depth,AWI,fyi,2021,12,2021-12-15,10.0,,,,,,
snow_depth,AWI,fyi,2021,12,2021-12-15,11.0,0.02142183482646942,0.07139366120100021,0.04243503883481026,0.040971554815769196,0.010091966018080711,0.03967799384146927
snow_depth,AWI,fyi,2021,12,2021-12-15,12.0,0.07149777561426163,0.31380322575569153,0.13789421319961548,0.1213679239153862,0.05422871559858322,0.23167329579591753
snow_depth,AWI,fyi,2021,12,2021-12-15,13.0,0.002726644277572632,0.060222476720809937,0.021153423935174942,0.017542125657200813,0.012630646117031574,0.05035236040130257
snow_depth,AWI,fyi,2021,12,2021-12-15,14.0,0.003616138594225049,0.03783515468239784,0.012762527912855148,0.009777982719242573,0.00945355836302042,0.03045158636290579
snow_depth,AWI,fyi,2021,12,2021-12-15,15.0,,,,,,
snow_depth,AWI,fyi,2021,12,2021-12-15,7.0,0.0032825360540300608,0.06613247096538544,0.02702377364039421,0.025856971740722656,0.014777305535972118,0.05039910160005092
snow_depth,AWI,all,2021,12,2021-12-15,16.0,,,,,,
snow_depth,AWI,all,2021,12,2021-12-15,15.0,,,,,,
snow_depth,AWI,all,2021,12,2021-12-15,14.0,0.003616138594225049,0.03783515468239784,0.012762527912855148,0.009777982719242573,0.00945355836302042,0.03045158636290579
sea_ice_thickness,AWI,myi,2021,12,2021-12-15,15.0,,,,,,
sea_ice_thickness,AWI,myi,2021,12,2021-12-15,16.0,,,,,,
sea_ice_thickness,AWI,myi,2021,12,2021-12-15,17.0,,,,,,
sea_ice_thickness,AWI,myi,2021,12,2021-12-15,18.0,,,,,,
sea_ice_thickness,AWI,myi,2021,12,2021-12-15,100.0,0.03866350278258324,4.579469680786133,1.8815494775772095,1.7932485342025757,0.5963955521583557,2.4248992347717264
snow_depth,AWI,all,2021,12,2021-12-15,0.0,,,,,,
snow_depth,AWI,all,2021,12,2021-12-15,1.0,0.05076226964592934,0.3771308660507202,0.18839618563652039,0.1285886913537979,0.0869612842798233,0.2970513799786567
snow_depth,AWI,all,2021,12,2021-12-15,2.0,0.05835020914673805,0.2952996790409088,0.15343418717384338,0.13471342623233795,0.06773539632558823,0.20914656609296797
snow_depth,AWI,all,2021,12,2021-12-15,3.0,0.03683055564761162,0.1578078269958496,0.09057766199111938,0.09194216132164001,0.017724310979247093,0.06133960783481597
snow_depth,AWI,all,2021,12,2021-12-15,4.0,0.09936640411615372,0.2014850378036499,0.12555311620235443,0.12692439556121826,0.010793815366923809,0.03872031018137931
snow_depth,AWI,all,2021,12,2021-12-15,5.0,0.07360450178384781,0.2874213755130768,0.11942106485366821,0.11727440357208252,0.03034008853137493,0.13419055134057994
snow_depth,AWI,all,2021,12,2021-12-15,6.0,0.005707052070647478,0.11573795974254608,0.04522865638136864,0.045896515250205994,0.01729663833975792,0.06787333004176613
snow_depth,AWI,all,2021,12,2021-12-15,7.0,0.0032825360540300608,0.06613247096538544,0.027174189686775208,0.026168562471866608,0.014783889055252075,0.05038241756148636
snow_depth,AWI,all,2021,12,2021-12-15,8.0,0.021862484514713287,0.2922486960887909,0.1860174536705017,0.19877754151821136,0.06571056693792343,0.2461111996695399
snow_depth,AWI,all,2021,12,2021-12-15,9.0,0.015522987581789494,0.32462674379348755,0.0831427201628685,0.07887318730354309,0.044472433626651764,0.22014597758650778
snow_depth,AWI,all,2021,12,2021-12-15,10.0,,,,,,
snow_depth,AWI,all,2021,12,2021-12-15,11.0,0.02142183482646942,0.07139366120100021,0.04243503883481026,0.040971554815769196,0.010091966018080711,0.03967799384146927
snow_depth,AWI,all,2021,12,2021-12-15,12.0,0.07149777561426163,0.398647665977478,0.20612910389900208,0.1882779896259308,0.09537026286125183,0.3027533420920372
snow_depth,AWI,all,2021,12,2021-12-15,13.0,0.002726644277572632,0.060222476720809937,0.022252878174185753,0.018599456176161766,0.01271258294582367,0.04975168956443668
snow_depth,AWI,fyi,2021,12,2021-12-15,16.0,,,,,,
sea_ice_thickness,NaRRS,fyi,2021,12,2021-12-15,9.0,-0.40540782617714677,4.822624984358171,0.9082230479280204,0.8990929624456064,0.44638544963448307,2.0518283312638137
snow_depth,AWI,fyi,2021,12,2021-12-15,17.0,,,,,,
snow_depth,AWI,fyi,2021,12,2021-12-15,100.0,0.002726644277572632,0.37553974986076355,0.09406360983848572,0.10097941756248474,0.04531341418623924,0.2002628601901233
sea_ice_thickness,NaRRS,all,2021,12,2021-12-15,10.0,,,,,,
sea_ice_thickness,NaRRS,all,2021,12,2021-12-15,11.0,-0.48801171256363635,4.382015293081062,0.7486509853384931,0.7335239631805166,0.4966281480195418,2.0496693938181783
sea_ice_thickness,NaRRS,all,2021,12,2021-12-15,12.0,-0.0014533889897165864,3.5961790963799745,1.1958033125504774,1.165980706482867,0.46733763955284086,2.270669866535275
sea_ice_thickness,NaRRS,all,2021,12,2021-12-15,13.0,-0.4542400635962167,4.496443959050907,1.1172618280453814,1.0477829466440198,0.7455599508537729,2.860062738615415
sea_ice_thickness,NaRRS,all,2021,12,2021-12-15,14.0,0.3212608504547916,2.6772195323890173,1.2636665068373814,1.1506568786357434,0.598454484899428,2.011401006875193
sea_ice_thickness,NaRRS,all,2021,12,2021-12-15,15.0,,,,,,
sea_ice_thickness,NaRRS,all,2021,12,2021-12-15,16.0,,,,,,
sea_ice_thickness,NaRRS,all,2021,12,2021-12-15,17.0,,,,,,
sea_ice_thickness,NaRRS,all,2021,12,2021-12-15,9.0,-0.40540782617714677,4.822624984358171,0.9097229144258965,0.9021255564033523,0.4471229908670299,2.0359780489391546
sea_ice_thickness,NaRRS,all,2021,12,2021-12-15,18.0,,,,,,
sea_ice_thickness,NaRRS,fyi,2021,12,2021-12-15,0.0,,,,,,
sea_ice_thickness,NaRRS,fyi,2021,12,2021-12-15,1.0,0.18031733782883444,2.054562932191612,1.1809854492531677,1.1668140700469902,0.26531590844844943,1.1428816471161576
sea_ice_thickness,NaRRS,fyi,2021,12,2021-12-15,2.0,-0.3513613773909583,2.189332861897128,1.0216311455111833,1.0260777079954835,0.3411925670680637,1.3601490850452858
sea_ice_thickness,NaRRS,fyi,2021,12,2021-12-15,3.0,-0.44589790781537886,3.860943698430674,1.0509422702161773,1.0626498252427155,0.34195046443568705,1.4876277693692033
sea_ice_thickness,NaRRS,fyi,2021,12,2021-12-15,4.0,-0.3140347948088902,2.07812997537917,1.0978320589878354,1.1178857177292798,0.23962536536595147,1.0445333989378205
sea_ice_thickness,NaRRS,fyi,2021,12,2021-12-15,5.0,0.04214715608873121,2.5780445980143156,0.8813798290502203,0.873237877950468,0.28162715682648065,1.242040444009433
sea_ice_thickness,NaRRS,fyi,2021,12,2021-12-15,6.0,-0.3634882565841906,2.320469171451549,0.9695411354137119,0.9795168609914704,0.31555060263129703,1.2963944098784834
sea_ice_thickness,NaRRS,fyi,2021,12,2021-12-15,7.0,-0.0908929810875918,4.35976334814876,1.1630841239529703,1.107628467374697,0.4926814958785003,2.076269227471716
sea_ice_thickness,NaRRS,all,2021,12,2021-12-15,100.0,-0.48801171256363635,5.037331720305852,1.1782008914638775,1.1345039386692775,0.4688930464562586,2.1185251088823795
sea_ice_thickness,NaRRS,all,2021,12,2021-12-15,8.0,-0.4079383665995806,5.037331720305852,1.3877899637066762,1.360669327227821,0.6523092636623088,2.782636376693553
sea_ice_thickness,NaRRS,all,2021,12,2021-12-15,7.0,-0.0908929810875918,4.35976334814876,1.1623798538799415,1.1049319590044493,0.4907086340651698,2.063221770696531
snow_depth,AWI,myi,2021,12,2021-12-15,100.0,0.02900746837258339,0.398647665977478,0.29244932532310486,0.29093071818351746,0.053444329649209976,0.20855616331100457
snow_depth,AWI,myi,2021,12,2021-12-15,0.0,,,,,,
snow_depth,AWI,myi,2021,12,2021-12-15,1.0,0.2258043885231018,0.3771308660507202,0.30012837052345276,0.2950515151023865,0.035119399428367615,0.1187668192386627
snow_depth,AWI,myi,2021,12,2021-12-15,2.0,0.13865695893764496,0.2952996790409088,0.23484313488006592,0.23878580331802368,0.025554252788424492,0.11460564613342278
snow_depth,AWI,myi,2021,12,2021-12-15,3.0,0.03683055564761162,0.10137254744768143,0.0714985802769661,0.07711313664913177,0.026029597967863083,0.06415355250239371
snow_depth,AWI,myi,2021,12,2021-12-15,4.0,,,,,,
snow_depth,AWI,myi,2021,12,2021-12-15,5.0,,,,,,
snow_depth,AWI,myi,2021,12,2021-12-15,6.0,,,,,,
snow_depth,AWI,myi,2021,12,2021-12-15,7.0,,,,,,
snow_depth,AWI,myi,2021,12,2021-12-15,8.0,0.02900746837258339,0.2865511178970337,0.09691345691680908,0.03984546661376953,0.09837627410888672,0.24256107747554775
snow_depth,AWI,myi,2021,12,2021-12-15,9.0,0.31874918937683105,0.31874918937683105,0.31874918937683105,0.31874918937683105,0.0,0.0
snow_depth,AWI,myi,2021,12,2021-12-15,10.0,,,,,,
snow_depth,AWI,myi,2021,12,2021-12-15,11.0,,,,,,
snow_depth,AWI,myi,2021,12,2021-12-15,12.0,0.1608494371175766,0.398647665977478,0.30814123153686523,0.3259723484516144,0.06804881989955902,0.22265552580356604
snow_depth,AWI,myi,2021,12,2021-12-15,13.0,0.03433343023061752,0.04171226546168327,0.03802284598350525,0.03802284598350525,0.003689417615532875,0.007083681821823118
snow_depth,AWI,myi,2021,12,2021-12-15,14.0,,,,,,
snow_depth,AWI,myi,2021,12,2021-12-15,15.0,,,,,,
snow_depth,AWI,myi,2021,12,2021-12-15,16.0,,,,,,
snow_depth,AWI,myi,2021,12,2021-12-15,17.0,,,,,,
snow_depth,AWI,myi,2021,12,2021-12-15,18.0,,,,,,
snow_depth,AWI,fyi,2021,12,2021-12-15,18.0,,,,,,
snow_depth,AWI,myi,2022,1,2022-01-15,16.0,,,,,,
sea_ice_thickness,AWI,myi,2022,1,2022-01-15,15.0,,,,,,
sea_ice_thickness,AWI,all,2022,1,2022-01-15,1.0,0.2974962294101715,4.359739303588867,1.5003517866134644,1.3998689651489258,0.5414873361587524,2.2332147789001455
snow_depth,AWI,fyi,2022,1,2022-01-15,4.0,0.11357738077640533,0.22731070220470428,0.13813993334770203,0.1381014585494995,0.01053574588149786,0.032754573225975026
snow_depth,AWI,fyi,2022,1,2022-01-15,3.0,0.06845956295728683,0.14755579829216003,0.11134229600429535,0.11321796476840973,0.011189991608262062,0.04182368531823158
snow_depth,AWI,fyi,2022,1,2022-01-15,2.0,0.0926816388964653,0.3010335862636566,0.12804321944713593,0.12239520996809006,0.02960321493446827,0.13734868407249448
snow_depth,AWI,fyi,2022,1,2022-01-15,1.0,0.07185785472393036,0.3820640444755554,0.13099642097949982,0.13062961399555206,0.022534992545843124,0.1092914852499962
snow_depth,AWI,fyi,2022,1,2022-01-15,0.0,,,,,,
snow_depth,AWI,all,2022,1,2022-01-15,100.0,0.001835497678257525,0.4180332124233246,0.1433979868888855,0.1260060966014862,0.08422607183456421,0.3319490271434188
snow_depth,AWI,all,2022,1,2022-01-15,18.0,,,,,,
snow_depth,AWI,all,2022,1,2022-01-15,17.0,,,,,,
snow_depth,AWI,all,2022,1,2022-01-15,16.0,,,,,,
snow_depth,AWI,all,2022,1,2022-01-15,15.0,,,,,,
snow_depth,AWI,all,2022,1,2022-01-15,14.0,0.001835497678257525,0.09632806479930878,0.030602024868130684,0.02358727529644966,0.023971542716026306,0.08542565257288516
snow_depth,AWI,all,2022,1,2022-01-15,13.0,0.0025293813087046146,0.0904349610209465,0.041363321244716644,0.04047495499253273,0.02313590794801712,0.08310274342074989
snow_depth,AWI,all,2022,1,2022-01-15,12.0,0.0910455584526062,0.4180332124233246,0.235030397772789,0.22389525175094604,0.09315674751996994,0.30763583883643153
snow_depth,AWI,all,2022,1,2022-01-15,11.0,0.022938381880521774,0.11683278530836105,0.06959850341081619,0.0688871443271637,0.014566592872142792,0.06646714493632314
snow_depth,AWI,all,2022,1,2022-01-15,10.0,,,,,,
snow_depth,AWI,all,2022,1,2022-01-15,9.0,0.006123544182628393,0.3739926815032959,0.10466449707746506,0.1038878783583641,0.04959799721837044,0.2695063387230036
snow_depth,AWI,all,2022,1,2022-01-15,8.0,0.009369438514113426,0.3146660327911377,0.17742395401000977,0.19208349287509918,0.07884225994348526,0.2691748386621475
snow_depth,AWI,all,2022,1,2022-01-15,7.0,0.003590136067941785,0.10442683100700378,0.05186627432703972,0.0527457594871521,0.02509632147848606,0.08281299617141484
snow_depth,AWI,all,2022,1,2022-01-15,6.0,0.025225643068552017,0.15497007966041565,0.0743904635310173,0.0732538253068924,0.021484730765223503,0.09036686599254609
snow_depth,AWI,all,2022,1,2022-01-15,5.0,0.09780950099229813,0.31458696722984314,0.1548914611339569,0.13417069613933563,0.05741359293460846,0.20429093569517137
snow_depth,AWI,all,2022,1,2022-01-15,4.0,0.11357738077640533,0.22810083627700806,0.13822801411151886,0.13810569047927856,0.01090345997363329,0.03295393571257592
snow_depth,AWI,all,2022,1,2022-01-15,3.0,0.06845956295728683,0.14755579829216003,0.11127089709043503,0.11276619136333466,0.011228199116885662,0.04223880171775818
snow_depth,AWI,all,2022,1,2022-01-15,2.0,0.0926816388964653,0.32946479320526123,0.1938031166791916,0.17625142633914948,0.07612137496471405,0.21552734673023227
snow_depth,AWI,all,2022,1,2022-01-15,1.0,0.07185785472393036,0.39082249999046326,0.19750797748565674,0.13567811250686646,0.08785577863454819,0.27617057114839555
snow_depth,AWI,all,2022,1,2022-01-15,0.0,,,,,,
snow_depth,AWI,fyi,2022,1,2022-01-15,5.0,0.09780950099229813,0.31458696722984314,0.14201444387435913,0.1325225532054901,0.04049369692802429,0.194248829036951
sea_ice_thickness,AWI,myi,2022,1,2022-01-15,100.0,0.16746298968791962,4.359739303588867,2.102938413619995,2.041440486907959,0.5404258370399475,2.4439638328552236
snow_depth,AWI,fyi,2022,1,2022-01-15,6.0,0.025225643068552017,0.15497007966041565,0.0743904635310173,0.0732538253068924,0.021484730765223503,0.09036686599254609
snow_depth,AWI,fyi,2022,1,2022-01-15,8.0,0.009369438514113426,0.3146660327911377,0.15511542558670044,0.14689520001411438,0.07444655150175095,0.26139668282121403
snow_depth,AWI,myi,2022,1,2022-01-15,13.0,,,,,,
snow_depth,AWI,myi,2022,1,2022-01-15,12.0,0.20845095813274384,0.4180332124233246,0.33340156078338623,0.34794074296951294,0.06233884394168854,0.1982324552536011
snow_depth,AWI,myi,2022,1,2022-01-15,11.0,,,,,,
snow_depth,AWI,myi,2022,1,2022-01-15,10.0,,,,,,
snow_depth,AWI,myi,2022,1,2022-01-15,9.0,0.07992447912693024,0.3267778754234314,0.23742373287677765,0.3055688440799713,0.11170487105846405,0.23697926044464113
snow_depth,AWI,myi,2022,1,2022-01-15,8.0,0.05229775980114937,0.293266236782074,0.2068241685628891,0.27582594752311707,0.10403797775506973,0.2392426270246506
snow_depth,AWI,myi,2022,1,2022-01-15,7.0,,,,,,
snow_depth,AWI,myi,2022,1,2022-01-15,6.0,,,,,,
snow_depth,AWI,myi,2022,1,2022-01-15,5.0,0.22747263312339783,0.309385746717453,0.27916255593299866,0.29172396659851074,0.03002839721739292,0.0794284349679947
snow_depth,AWI,myi,2022,1,2022-01-15,4.0,0.22810083627700806,0.22810083627700806,0.22810083627700806,0.22810083627700806,0.0,0.0
snow_depth,AWI,myi,2022,1,2022-01-15,3.0,,,,,,
snow_depth,AWI,myi,2022,1,2022-01-15,2.0,0.23019053041934967,0.32696959376335144,0.286413311958313,0.2847820222377777,0.015061739832162857,0.05320247054100036
snow_depth,AWI,myi,2022,1,2022-01-15,1.0,0.22521597146987915,0.39082249999046326,0.321672260761261,0.31817302107810974,0.030117308720946312,0.1129641711711884
snow_depth,AWI,myi,2022,1,2022-01-15,0.0,,,,,,
snow_depth,AWI,fyi,2022,1,2022-01-15,100.0,0.001835497678257525,0.3820640444755554,0.10828059166669846,0.11509576439857483,0.04433571919798851,0.20963528577238263
snow_depth,AWI,fyi,2022,1,2022-01-15,18.0,,,,,,
snow_depth,AWI,fyi,2022,1,2022-01-15,17.0,,,,,,
snow_depth,AWI,fyi,2022,1,2022-01-15,16.0,,,,,,
snow_depth,AWI,fyi,2022,1,2022-01-15,15.0,,,,,,
snow_depth,AWI,fyi,2022,1,2022-01-15,14.0,0.001835497678257525,0.09632806479930878,0.030602024868130684,0.02358727529644966,0.023971542716026306,0.08542565257288516
snow_depth,AWI,fyi,2022,1,2022-01-15,13.0,0.0025293813087046146,0.08947714418172836,0.04113185033202171,0.040300123393535614,0.022943034768104553,0.08160613840445875
snow_depth,AWI,fyi,2022,1,2022-01-15,12.0,0.0910455584526062,0.34599795937538147,0.16327188909053802,0.16045239567756653,0.04923778027296066,0.19653810322284643
snow_depth,AWI,fyi,2022,1,2022-01-15,11.0,0.022938381880521774,0.11683278530836105,0.06959850341081619,0.0688871443271637,0.014566592872142792,0.06646714493632314
snow_depth,AWI,fyi,2022,1,2022-01-15,10.0,,,,,,
snow_depth,AWI,fyi,2022,1,2022-01-15,9.0,0.006123544182628393,0.3633795976638794,0.10103488713502884,0.10270863026380539,0.04312606528401375,0.1491812949255109
snow_depth,AWI,fyi,2022,1,2022-01-15,7.0,0.003590136067941785,0.10442683100700378,0.05206059291958809,0.05300784856081009,0.025202861055731773,0.08295605216175317
sea_ice_thickness,AWI,all,2022,1,2022-01-15,0.0,,,,,,
sea_ice_thickness,AWI,myi,2022,1,2022-01-15,18.0,,,,,,
sea_ice_thickness,AWI,myi,2022,1,2022-01-15,16.0,,,,,,
sea_ice_thickness,AWI,fyi,2022,1,2022-01-15,6.0,-0.03532850742340088,2.230830192565918,0.71486896276474,0.6892667412757874,0.26632362604141235,1.1390510678291323
sea_ice_thickness,AWI,fyi,2022,1,2022-01-15,5.0,0.23111271858215332,4.084282875061035,0.8937778472900391,0.8516701459884644,0.28464505076408386,0.9671768546104431
sea_ice_thickness,AWI,fyi,2022,1,2022-01-15,4.0,-0.2225111573934555,2.975022554397583,1.111158013343811,1.120929479598999,0.2758968770503998,1.165356492996216
sea_ice_thickness,AWI,fyi,2022,1,2022-01-15,3.0,0.06146400794386864,2.8384573459625244,0.9904080629348755,0.9806841015815735,0.28388842940330505,1.1680822497606271
sea_ice_thickness,AWI,fyi,2022,1,2022-01-15,2.0,0.10169707238674164,2.04093599319458,0.9889882802963257,0.9828203916549683,0.28279951214790344,1.2286965489387507
sea_ice_thickness,AWI,fyi,2022,1,2022-01-15,1.0,0.2974962294101715,2.134237051010132,1.1719082593917847,1.1620875597000122,0.2786577343940735,1.1873381924629212
sea_ice_thickness,AWI,fyi,2022,1,2022-01-15,0.0,,,,,,
sea_ice_thickness,AWI,all,2022,1,2022-01-15,100.0,-0.30071014165878296,7.07716178894043,1.108814001083374,1.0340075492858887,0.5538188815116882,2.3265914306044575
sea_ice_thickness,AWI,all,2022,1,2022-01-15,18.0,,,,,,
sea_ice_thickness,AWI,all,2022,1,2022-01-15,17.0,,,,,,
sea_ice_thickness,AWI,all,2022,1,2022-01-15,16.0,,,,,,
sea_ice_thickness,AWI,all,2022,1,2022-01-15,15.0,,,,,,
sea_ice_thickness,AWI,all,2022,1,2022-01-15,14.0,-0.14549429714679718,4.106968402862549,0.47379177808761597,0.291132390499115,0.6265166401863098,2.4352500849962224
sea_ice_thickness,AWI,all,2022,1,2022-01-15,13.0,-0.25860315561294556,1.6317472457885742,0.42763134837150574,0.38270655274391174,0.28514841198921204,1.2028845064342022
sea_ice_thickness,AWI,all,2022,1,2022-01-15,12.0,0.19332757592201233,3.7539045810699463,1.4578499794006348,1.320205807685852,0.5877992510795593,2.542788803577423
sea_ice_thickness,AWI,all,2022,1,2022-01-15,11.0,-0.10454234480857849,7.07716178894043,0.6869493722915649,0.6404417753219604,0.4810740649700165,1.1778952434659002
sea_ice_thickness,AWI,all,2022,1,2022-01-15,10.0,,,,,,
sea_ice_thickness,AWI,all,2022,1,2022-01-15,9.0,-0.17482370138168335,3.5215158462524414,0.8472033739089966,0.818498969078064,0.37332651019096375,1.4937273293733624
sea_ice_thickness,AWI,all,2022,1,2022-01-15,8.0,-0.2349458783864975,6.240538120269775,1.3499023914337158,1.3542633056640625,0.6412771940231323,2.7872799101471912
sea_ice_thickness,AWI,all,2022,1,2022-01-15,7.0,-0.30071014165878296,2.656446933746338,0.6754989624023438,0.6527210474014282,0.34826213121414185,1.5328164973109961
sea_ice_thickness,AWI,all,2022,1,2022-01-15,6.0,-0.03532850742340088,2.230830192565918,0.71486896276474,0.6892667412757874,0.26632362604141235,1.1390510678291323
sea_ice_thickness,AWI,all,2022,1,2022-01-15,5.0,0.23111271858215332,5.683310031890869,0.9480660557746887,0.8611600399017334,0.46466538310050964,1.779070360660551
sea_ice_thickness,AWI,all,2022,1,2022-01-15,4.0,-0.2225111573934555,2.975022554397583,1.1119468212127686,1.121192216873169,0.27635666728019714,1.1817887902259794
sea_ice_thickness,AWI,all,2022,1,2022-01-15,3.0,0.06146400794386864,2.8384573459625244,0.9929191470146179,0.9823411703109741,0.28476643562316895,1.171541765332222
sea_ice_thickness,AWI,all,2022,1,2022-01-15,2.0,0.10169707238674164,3.749849796295166,1.2362130880355835,1.1862188577651978,0.43464502692222595,1.824430664777756
sea_ice_thickness,AWI,fyi,2022,1,2022-01-15,7.0,-0.30071014165878296,2.656446933746338,0.675991415977478,0.6533466577529907,0.3495902121067047,1.5451845661550736
sea_ice_thickness,AWI,myi,2022,1,2022-01-15,17.0,,,,,,
sea_ice_thickness,AWI,fyi,2022,1,2022-01-15,8.0,-0.2349458783864975,6.240538120269775,1.2785077095031738,1.2835828065872192,0.7042492032051086,3.2078422681987235
sea_ice_thickness,AWI,fyi,2022,1,2022-01-15,10.0,,,,,,
snow_depth,AWI,myi,2022,1,2022-01-15,17.0,,,,,,
sea_ice_thickness,AWI,myi,2022,1,2022-01-15,14.0,,,,,,
sea_ice_thickness,AWI,myi,2022,1,2022-01-15,13.0,,,,,,
sea_ice_thickness,AWI,myi,2022,1,2022-01-15,12.0,0.5858185887336731,3.7539045810699463,1.9769656658172607,1.919021487236023,0.6648910045623779,2.6457815730571745
sea_ice_thickness,AWI,myi,2022,1,2022-01-15,11.0,,,,,,
sea_ice_thickness,AWI,myi,2022,1,2022-01-15,10.0,,,,,,
sea_ice_thickness,AWI,myi,2022,1,2022-01-15,9.0,0.5434370040893555,3.5215158462524414,2.015380382537842,1.981188178062439,1.2160359621047974,2.858955688476563
sea_ice_thickness,AWI,myi,2022,1,2022-01-15,8.0,0.16746298968791962,3.1481168270111084,1.5730127096176147,1.7872101068496704,0.7940772771835327,2.6302428132295597
sea_ice_thickness,AWI,myi,2022,1,2022-01-15,7.0,,,,,,
sea_ice_thickness,AWI,myi,2022,1,2022-01-15,6.0,,,,,,
sea_ice_thickness,AWI,myi,2022,1,2022-01-15,5.0,0.757854163646698,2.595287561416626,1.3523205518722534,1.0593146085739136,0.5821719765663147,1.7022763991355896
sea_ice_thickness,AWI,myi,2022,1,2022-01-15,4.0,1.0646015405654907,1.0646015405654907,1.0646015405654907,1.0646015405654907,0.0,0.0
sea_ice_thickness,AWI,myi,2022,1,2022-01-15,3.0,,,,,,
sea_ice_thickness,AWI,myi,2022,1,2022-01-15,2.0,0.9777530431747437,3.749849796295166,1.7781319618225098,1.6754696369171143,0.45463091135025024,1.8411866760253912
sea_ice_thickness,AWI,myi,2022,1,2022-01-15,1.0,1.3532187938690186,4.359739303588867,2.2041003704071045,2.1074447631835938,0.45790013670921326,1.89471500635147
sea_ice_thickness,AWI,myi,2022,1,2022-01-15,0.0,,,,,,
sea_ice_thickness,AWI,fyi,2022,1,2022-01-15,100.0,-0.30071014165878296,7.07716178894043,0.9351488351821899,0.9285076856613159,0.4007720351219177,1.5701722884178178
sea_ice_thickness,AWI,fyi,2022,1,2022-01-15,18.0,,,,,,
sea_ice_thickness,AWI,fyi,2022,1,2022-01-15,17.0,,,,,,
sea_ice_thickness,AWI,fyi,2022,1,2022-01-15,16.0,,,,,,
sea_ice_thickness,AWI,fyi,2022,1,2022-01-15,15.0,,,,,,
sea_ice_thickness,AWI,fyi,2022,1,2022-01-15,14.0,-0.14549429714679718,4.106968402862549,0.47379177808761597,0.291132390499115,0.6265166401863098,2.4352500849962224
sea_ice_thickness,AWI,fyi,2022,1,2022-01-15,13.0,-0.25860315561294556,1.6317472457885742,0.428355872631073,0.38294023275375366,0.2856757938861847,1.203409403935075
sea_ice_thickness,AWI,fyi,2022,1,2022-01-15,12.0,0.19332757592201233,2.7858970165252686,1.1496148109436035,1.1366841793060303,0.34717217087745667,1.4542656373977658
sea_ice_thickness,AWI,fyi,2022,1,2022-01-15,11.0,-0.10454234480857849,7.07716178894043,0.6869493722915649,0.6404417753219604,0.4810740649700165,1.1778952434659002
sea_ice_thickness,AWI,fyi,2022,1,2022-01-15,9.0,-0.17482370138168335,2.517916202545166,0.8290731310844421,0.8090776801109314,0.35044345259666443,1.336575915813446
snow_depth,AWI,myi,2022,1,2022-01-15,18.0,,,,,,
snow_depth,AWI,myi,2022,1,2022-01-15,15.0,,,,,,
snow_depth,NaRRS,myi,2022,1,2022-01-15,18.0,,,,,,
snow_depth,NaRRS,fyi,2022,1,2022-01-15,8.0,0.02300000000000002,0.267,0.14455908657984273,0.14654545454545456,0.0338814031937681,0.13450000000000034
snow_depth,NaRRS,fyi,2022,1,2022-01-15,7.0,0.008999999999999897,0.22100000000000364,0.10683405771963314,0.10828571428571448,0.027363802736974467,0.12613666666666673
snow_depth,NaRRS,fyi,2022,1,2022-01-15,6.0,0.012999999999998124,0.22049999999999947,0.10555650095446337,0.10433333333333383,0.026345613051654632,0.11190060606060603
snow_depth,NaRRS,fyi,2022,1,2022-01-15,5.0,0.015500000000002956,0.21099999999999852,0.09440927479577214,0.09143749999999955,0.02858099077325872,0.1127761538461469
snow_depth,NaRRS,fyi,2022,1,2022-01-15,4.0,0.0266666666666661,0.15368181818181884,0.10144471458206607,0.10183625730994074,0.017052783893533097,0.07201055555556381
snow_depth,NaRRS,fyi,2022,1,2022-01-15,3.0,0.05239999999999441,0.22350000000000136,0.11051185970193059,0.10657142857142787,0.023104929400704233,0.11125264957265366
snow_depth,NaRRS,fyi,2022,1,2022-01-15,2.0,0.060200000000000385,0.25,0.12014498364722612,0.11953846153846169,0.020690795326588234,0.08069454545454749
snow_depth,NaRRS,fyi,2022,1,2022-01-15,1.0,0.03266666666666692,0.1923225806451623,0.11686076002135848,0.11189999999999962,0.02647482101749142,0.10461412987012923
snow_depth,NaRRS,fyi,2022,1,2022-01-15,0.0,,,,,,
snow_depth,NaRRS,all,2022,1,2022-01-15,100.0,0.0,0.43200000000000216,0.13403818889781785,0.11407692307692195,0.06562314234903785,0.3006048134900358
snow_depth,NaRRS,all,2022,1,2022-01-15,18.0,,,,,,
snow_depth,NaRRS,all,2022,1,2022-01-15,17.0,,,,,,
snow_depth,NaRRS,all,2022,1,2022-01-15,16.0,,,,,,
snow_depth,NaRRS,all,2022,1,2022-01-15,15.0,,,,,,
snow_depth,NaRRS,all,2022,1,2022-01-15,14.0,0.009000000000000341,0.2079999999999984,0.09000924361936649,0.08549999999999613,0.032956852916078395,0.1508571428571402
snow_depth,NaRRS,all,2022,1,2022-01-15,13.0,0.0040000000000048885,0.2494999999999976,0.09824455822950451,0.09033333333332887,0.04293740467308444,0.18280666666666764
snow_depth,NaRRS,all,2022,1,2022-01-15,12.0,0.05599999999999916,0.4179166666666678,0.16800063195791204,0.1289130434782604,0.0923370058544647,0.30435650574713224
snow_depth,NaRRS,all,2022,1,2022-01-15,11.0,0.0030000000000001137,0.32200000000000006,0.09917089881974729,0.09899999999999987,0.024733863963093326,0.09978000000000095
snow_depth,NaRRS,all,2022,1,2022-01-15,10.0,,,,,,
snow_depth,NaRRS,all,2022,1,2022-01-15,9.0,0.0,0.21800000000000086,0.11323470648256648,0.1160999999999999,0.038836507427121664,0.15159300000000012
snow_depth,NaRRS,all,2022,1,2022-01-15,8.0,0.02300000000000002,0.267,0.16475910058063417,0.16136029411764705,0.04257526093546134,0.16511223776223732
snow_depth,NaRRS,all,2022,1,2022-01-15,7.0,0.008999999999999897,0.22100000000000364,0.1075354020903725,0.10854040404040449,0.02780894929942877,0.12723999999999977
snow_depth,NaRRS,all,2022,1,2022-01-15,6.0,0.012999999999998124,0.22049999999999947,0.10555650095446337,0.10433333333333383,0.026345613051654632,0.11190060606060603
snow_depth,NaRRS,all,2022,1,2022-01-15,5.0,0.015500000000002956,0.21099999999999852,0.10026527929463032,0.0948666666666668,0.03303867125131431,0.13586188235293742
snow_depth,NaRRS,all,2022,1,2022-01-15,4.0,0.0266666666666661,0.15800000000000125,0.10152470297314663,0.10199999999999439,0.017129450374289867,0.072226666666673
snow_depth,NaRRS,all,2022,1,2022-01-15,3.0,0.05239999999999441,0.22350000000000136,0.11125226803895781,0.10677500000000002,0.023996163214687734,0.11570000000000137
snow_depth,NaRRS,all,2022,1,2022-01-15,2.0,0.060200000000000385,0.3914000000000016,0.1587790351188909,0.1448823529411778,0.05204305698665906,0.2055432416267905
snow_depth,NaRRS,fyi,2022,1,2022-01-15,9.0,0.0,0.21699999999999986,0.11175851301103425,0.1142604166666667,0.03818945711667747,0.1444500000000003
snow_depth,NaRRS,all,2022,1,2022-01-15,1.0,0.03266666666666692,0.43200000000000216,0.17672875346830927,0.14639230769230654,0.0881557950502698,0.31038169922670017
snow_depth,NaRRS,fyi,2022,1,2022-01-15,10.0,,,,,,
snow_depth,NaRRS,fyi,2022,1,2022-01-15,12.0,0.05599999999999916,0.16399999999998727,0.09974787913673597,0.09795833333333057,0.019612737232660542,0.0772980000000006
snow_depth,AWI,myi,2022,1,2022-01-15,14.0,,,,,,
snow_depth,NaRRS,myi,2022,1,2022-01-15,100.0,0.10733333333333332,0.43200000000000216,0.2982750239547541,0.29953125000000136,0.06172532466553924,0.22380651044157637
snow_depth,NaRRS,myi,2022,1,2022-01-15,17.0,,,,,,
snow_depth,NaRRS,myi,2022,1,2022-01-15,16.0,,,,,,
snow_depth,NaRRS,myi,2022,1,2022-01-15,15.0,,,,,,
snow_depth,NaRRS,myi,2022,1,2022-01-15,14.0,,,,,,
snow_depth,NaRRS,myi,2022,1,2022-01-15,13.0,,,,,,
snow_depth,NaRRS,myi,2022,1,2022-01-15,12.0,0.14214285714285796,0.4179166666666678,0.2872704407877651,0.2945625000000005,0.0678981958056424,0.22617142857142722
snow_depth,NaRRS,myi,2022,1,2022-01-15,11.0,,,,,,
snow_depth,NaRRS,myi,2022,1,2022-01-15,10.0,,,,,,
snow_depth,NaRRS,myi,2022,1,2022-01-15,9.0,0.1269999999999989,0.21800000000000086,0.1698333333333332,0.16449999999999987,0.0373415169602006,0.08736000000000191
snow_depth,NaRRS,myi,2022,1,2022-01-15,8.0,0.10733333333333332,0.2645555555555554,0.22081294831055084,0.2375,0.042409551374067676,0.14271529411764694
snow_depth,NaRRS,myi,2022,1,2022-01-15,7.0,,,,,,
snow_depth,NaRRS,myi,2022,1,2022-01-15,6.0,,,,,,
snow_depth,NaRRS,myi,2022,1,2022-01-15,5.0,0.11824999999999974,0.1807142857142858,0.15849273345701914,0.16283333333333397,0.021029342797087878,0.05990857142857256
snow_depth,NaRRS,myi,2022,1,2022-01-15,4.0,0.15800000000000125,0.15800000000000125,0.15800000000000125,0.15800000000000125,0.0,0.0
snow_depth,NaRRS,myi,2022,1,2022-01-15,3.0,,,,,,
snow_depth,NaRRS,myi,2022,1,2022-01-15,2.0,0.13618181818181732,0.3914000000000016,0.2470877986940338,0.2341602941176474,0.04297475042194068,0.17023416666666452
snow_depth,NaRRS,myi,2022,1,2022-01-15,1.0,0.17600000000000193,0.43200000000000216,0.31245066984968645,0.3132153846153827,0.054218631152844074,0.18959558354876516
snow_depth,NaRRS,myi,2022,1,2022-01-15,0.0,,,,,,
snow_depth,NaRRS,fyi,2022,1,2022-01-15,100.0,0.0,0.32200000000000006,0.10858368282207197,0.10643050193050152,0.02878506878599031,0.12450500000000775
snow_depth,NaRRS,fyi,2022,1,2022-01-15,18.0,,,,,,
snow_depth,NaRRS,fyi,2022,1,2022-01-15,17.0,,,,,,
snow_depth,NaRRS,fyi,2022,1,2022-01-15,16.0,,,,,,
snow_depth,NaRRS,fyi,2022,1,2022-01-15,15.0,,,,,,
snow_depth,NaRRS,fyi,2022,1,2022-01-15,14.0,0.009000000000000341,0.2079999999999984,0.09000924361936649,0.08549999999999613,0.032956852916078395,0.1508571428571402
snow_depth,NaRRS,fyi,2022,1,2022-01-15,13.0,0.0040000000000048885,0.23699999999999477,0.0974996319300668,0.09020833333333358,0.04210732870776049,0.17741666666666708
snow_depth,NaRRS,fyi,2022,1,2022-01-15,11.0,0.0030000000000001137,0.32200000000000006,0.09917089881974729,0.09899999999999987,0.024733863963093326,0.09978000000000095
snow_depth,NaRRS,all,2022,1,2022-01-15,0.0,,,,,,
snow_depth,AWI,myi,2022,1,2022-01-15,100.0,0.05229775980114937,0.4180332124233246,0.31792783737182617,0.31348755955696106,0.04400617629289627,0.17709069967269897
sea_ice_thickness,NaRRS,myi,2022,1,2022-01-15,18.0,,,,,,
sea_ice_thickness,NaRRS,fyi,2022,1,2022-01-15,6.0,-0.40777855242168715,3.364577224804947,1.1435619992049342,1.1557488742006456,0.3611780345184513,1.5667454914824512
sea_ice_thickness,NaRRS,fyi,2022,1,2022-01-15,5.0,-0.3404245413053104,3.035003367819172,1.0395506424962424,1.0674553558138058,0.33328668645695547,1.4304074242710791
sea_ice_thickness,NaRRS,fyi,2022,1,2022-01-15,4.0,-0.05002491727441338,4.310809057451024,1.2421511215714558,1.2618989534729548,0.2707468360817159,1.1139696114961044
sea_ice_thickness,NaRRS,fyi,2022,1,2022-01-15,3.0,-0.24913522599831595,3.3383086009010867,1.2272524106323166,1.2274182656909842,0.36546296396300687,1.704764603085711
sea_ice_thickness,NaRRS,fyi,2022,1,2022-01-15,2.0,0.4119828039259169,3.527165410396151,1.2952083311945244,1.2878534782110478,0.3468360949041189,1.582109916380153
sea_ice_thickness,NaRRS,fyi,2022,1,2022-01-15,1.0,0.5121859438050265,2.215840970593539,1.3521698299495393,1.3387416829206091,0.27316698534209827,1.1185540361193378
sea_ice_thickness,NaRRS,fyi,2022,1,2022-01-15,0.0,,,,,,
sea_ice_thickness,NaRRS,all,2022,1,2022-01-15,100.0,-0.4526199656842209,9.767302478126519,1.34658943611394,1.2954377786144449,0.5570393609560953,2.2990934003214982
sea_ice_thickness,NaRRS,all,2022,1,2022-01-15,18.0,,,,,,
sea_ice_thickness,NaRRS,all,2022,1,2022-01-15,17.0,,,,,,
sea_ice_thickness,NaRRS,all,2022,1,2022-01-15,16.0,,,,,,
sea_ice_thickness,NaRRS,all,2022,1,2022-01-15,15.0,,,,,,
sea_ice_thickness,NaRRS,fyi,2022,1,2022-01-15,7.0,-0.38020511739202334,9.664455644842626,1.382202334235382,1.3280145920817583,0.7312523063870651,2.869768362881108
sea_ice_thickness,NaRRS,all,2022,1,2022-01-15,14.0,-0.128272641506328,2.4994397383197793,1.009149940957779,0.8772891377749753,0.5161295807994362,2.1606432682180907
sea_ice_thickness,NaRRS,all,2022,1,2022-01-15,12.0,0.19029239270951326,3.5671937288873563,1.421383975014969,1.293256073760503,0.5085629643429138,2.32367353161843
sea_ice_thickness,NaRRS,all,2022,1,2022-01-15,11.0,-0.4526199656842209,2.8174040383693786,1.1129999012527363,1.122757874374949,0.43041455414240154,1.8836858889813053
sea_ice_thickness,NaRRS,all,2022,1,2022-01-15,10.0,,,,,,
sea_ice_thickness,NaRRS,all,2022,1,2022-01-15,9.0,-0.4044513950956343,9.767302478126519,1.210726353377507,1.107395528962941,1.0075424511551974,3.3438115768848116
sea_ice_thickness,NaRRS,all,2022,1,2022-01-15,8.0,-0.15931946321093537,6.64107477960402,1.7184802546602587,1.6574716979287878,0.7625721774532995,3.4016324283951773
sea_ice_thickness,NaRRS,all,2022,1,2022-01-15,7.0,-0.38020511739202334,9.664455644842626,1.3834354452469317,1.3312503328564733,0.7260710715236709,2.826268988517598
sea_ice_thickness,NaRRS,all,2022,1,2022-01-15,6.0,-0.40777855242168715,3.364577224804947,1.1435619992049342,1.1557488742006456,0.3611780345184513,1.5667454914824512
sea_ice_thickness,NaRRS,all,2022,1,2022-01-15,5.0,-0.3404245413053104,3.035003367819172,1.0539007234120084,1.0808655900044783,0.32448913353228953,1.3687041526412194
sea_ice_thickness,NaRRS,all,2022,1,2022-01-15,4.0,-0.05002491727441338,4.310809057451024,1.2417874868963215,1.2612988553541282,0.2704493395566777,1.112086334994846
sea_ice_thickness,NaRRS,all,2022,1,2022-01-15,3.0,-0.24913522599831595,3.3383086009010867,1.231372720089229,1.228953811100764,0.37139472668938955,1.7567189180153862
sea_ice_thickness,NaRRS,all,2022,1,2022-01-15,2.0,-0.008389742840927283,3.527165410396151,1.3912409536912551,1.3570408367648228,0.37171399530147187,1.665133032951756
sea_ice_thickness,NaRRS,myi,2022,1,2022-01-15,100.0,-0.14228403417110602,4.458560084580768,2.052812951094697,2.013899489537907,0.5362907661307001,2.1976223873280607
sea_ice_thickness,NaRRS,all,2022,1,2022-01-15,13.0,-0.4247544238565979,3.8504630715609287,0.9719847887360672,0.9497075822564056,0.5382955700101516,2.0779079433341425
sea_ice_thickness,NaRRS,fyi,2022,1,2022-01-15,8.0,-0.15931946321093537,6.64107477960402,1.6206439082504365,1.47664162086841,0.8178872248096115,3.415426713064063
sea_ice_thickness,NaRRS,all,2022,1,2022-01-15,1.0,0.5121859438050265,4.458560084580768,1.613776814422664,1.5484443985522205,0.46805508133345386,2.014666585169445
sea_ice_thickness,NaRRS,fyi,2022,1,2022-01-15,10.0,,,,,,
sea_ice_thickness,NaRRS,myi,2022,1,2022-01-15,17.0,,,,,,
sea_ice_thickness,NaRRS,fyi,2022,1,2022-01-15,9.0,-0.4044513950956343,9.767302478126519,1.215715937591531,1.1087006136705817,1.021503066732615,3.38282221213848
sea_ice_thickness,NaRRS,myi,2022,1,2022-01-15,16.0,,,,,,
sea_ice_thickness,NaRRS,myi,2022,1,2022-01-15,15.0,,,,,,
sea_ice_thickness,NaRRS,myi,2022,1,2022-01-15,14.0,,,,,,
sea_ice_thickness,NaRRS,myi,2022,1,2022-01-15,13.0,,,,,,
sea_ice_thickness,NaRRS,myi,2022,1,2022-01-15,12.0,0.5969084639509697,3.5671937288873563,1.8048706473582314,1.71403943555276,0.6392078278493465,2.478039822580579
sea_ice_thickness,NaRRS,myi,2022,1,2022-01-15,11.0,,,,,,
sea_ice_thickness,NaRRS,myi,2022,1,2022-01-15,10.0,,,,,,
sea_ice_thickness,NaRRS,myi,2022,1,2022-01-15,9.0,0.7005937542341201,1.9481218250480872,1.132949803774962,0.7501338320426783,0.576768366577782,1.1976269479814083
sea_ice_thickness,NaRRS,myi,2022,1,2022-01-15,8.0,-0.14228403417110602,3.60300294852856,1.763155944120919,1.8090587424429332,0.7886553890751392,3.131848050737785
sea_ice_thickness,NaRRS,myi,2022,1,2022-01-15,7.0,,,,,,
sea_ice_thickness,NaRRS,myi,2022,1,2022-01-15,6.0,,,,,,
sea_ice_thickness,NaRRS,myi,2022,1,2022-01-15,5.0,0.748544214214121,1.3886269954697734,1.0432902447512324,0.9149869083708685,0.23710203785806666,0.6208779846086374
sea_ice_thickness,NaRRS,all,2022,1,2022-01-15,0.0,,,,,,
sea_ice_thickness,NaRRS,myi,2022,1,2022-01-15,3.0,,,,,,
sea_ice_thickness,NaRRS,fyi,2022,1,2022-01-15,11.0,-0.4526199656842209,2.8174040383693786,1.1129999012527363,1.122757874374949,0.43041455414240154,1.8836858889813053
sea_ice_thickness,NaRRS,myi,2022,1,2022-01-15,4.0,1.1763293327906013,1.1763293327906013,1.1763293327906013,1.1763293327906013,0.0,0.0
sea_ice_thickness,NaRRS,fyi,2022,1,2022-01-15,12.0,0.19029239270951326,2.8122740845726355,1.2617952311813823,1.2229282205025704,0.3389823414360371,1.538713026491621
sea_ice_thickness,NaRRS,fyi,2022,1,2022-01-15,13.0,-0.4247544238565979,3.8504630715609287,0.9707271476546983,0.9382463153512844,0.5410627542247761,2.080045920106632
sea_ice_thickness,NaRRS,fyi,2022,1,2022-01-15,14.0,-0.128272641506328,2.4994397383197793,1.009149940957779,0.8772891377749753,0.5161295807994362,2.1606432682180907
sea_ice_thickness,NaRRS,fyi,2022,1,2022-01-15,16.0,,,,,,
sea_ice_thickness,NaRRS,fyi,2022,1,2022-01-15,15.0,,,,,,
sea_ice_thickness,NaRRS,fyi,2022,1,2022-01-15,18.0,,,,,,
sea_ice_thickness,NaRRS,fyi,2022,1,2022-01-15,100.0,-0.4526199656842209,9.767302478126519,1.2367937244159266,1.2275671642430204,0.5105713027085942,1.8618443778006277
sea_ice_thickness,NaRRS,myi,2022,1,2022-01-15,0.0,,,,,,
sea_ice_thickness,NaRRS,myi,2022,1,2022-01-15,1.0,0.9711147571599383,4.458560084580768,2.1943096416332506,2.0983334152062794,0.4358848663450063,1.6377013909585245
sea_ice_thickness,NaRRS,myi,2022,1,2022-01-15,2.0,0.9551009461149883,2.9890967567337654,1.67898187191365,1.5213488129532715,0.45047456042948725,1.7985655152931277
sea_ice_thickness,NaRRS,fyi,2022,1,2022-01-15,17.0,,,,,,
snow_depth,NaRRS,all,2022,2,2022-02-15,17.0,0.049749999999999996,0.14220000000000002,0.10438181818181817,0.10700000000000001,0.02563003629202617,0.08466000000000004
snow_depth,NaRRS,all,2022,2,2022-02-15,15.0,0.0646666666666628,0.0646666666666628,0.0646666666666628,0.0646666666666628,0.0,0.0
snow_depth,NaRRS,all,2022,2,2022-02-15,16.0,,,,,,
snow_depth,NaRRS,all,2022,2,2022-02-15,18.0,,,,,,
snow_depth,NaRRS,fyi,2022,2,2022-02-15,3.0,0.04600000000000648,0.24849999999999994,0.12281856301741124,0.11841666666666602,0.025796219122751336,0.12151499999999825
snow_depth,NaRRS,fyi,2022,2,2022-02-15,0.0,,,,,,
snow_depth,NaRRS,fyi,2022,2,2022-02-15,1.0,0.001999999999995339,0.23276923076923076,0.12603450642992817,0.1199777187716462,0.035583410928750794,0.13498738738738741
snow_depth,NaRRS,fyi,2022,2,2022-02-15,2.0,0.08569999999999993,0.22520000000000095,0.13667664238295169,0.13560769230769426,0.02083331843582549,0.08374883116882767
snow_depth,NaRRS,fyi,2022,2,2022-02-15,4.0,0.03900000000000148,0.18200000000000216,0.1064035586279028,0.10650000000000166,0.01775994757664904,0.07396133333333249
snow_depth,NaRRS,all,2022,2,2022-02-15,100.0,0.001999999999995339,0.44230303030302964,0.1433642261683707,0.12522299651567792,0.0682479670913807,0.30820904895104634
snow_depth,NaRRS,all,2022,2,2022-02-15,14.0,0.0020000000000095497,0.23700000000000898,0.09459032029478442,0.0886666666666637,0.04076255301435545,0.17581999999999703
snow_depth,NaRRS,all,2022,2,2022-02-15,8.0,0.04100000000000037,0.27699999999999925,0.18151711066209192,0.17999999999999997,0.047654920733709735,0.17773965141612202
snow_depth,NaRRS,all,2022,2,2022-02-15,12.0,0.055000000000004455,0.43364705882353044,0.18667782909669736,0.1480000000000056,0.09227609066407148,0.30747619047618996
snow_depth,NaRRS,all,2022,2,2022-02-15,11.0,0.02599999999999625,0.21299999999999866,0.11726730817992803,0.11942857142857156,0.03239556837097212,0.12695111111110596
snow_depth,NaRRS,all,2022,2,2022-02-15,10.0,,,,,,
snow_depth,NaRRS,all,2022,2,2022-02-15,9.0,0.011999999999999567,0.22749999999999998,0.12000479607624708,0.11699999999999994,0.04308405148994899,0.1552624242424247
snow_depth,NaRRS,all,2022,2,2022-02-15,7.0,0.019999999999999574,0.22649999999999912,0.12394587849798831,0.12825000000000003,0.03708472143712308,0.14886
snow_depth,NaRRS,all,2022,2,2022-02-15,6.0,0.0030000000000001137,0.25100000000000006,0.12015629263450406,0.11788888888888766,0.03693859345958355,0.1497699999999997
snow_depth,NaRRS,all,2022,2,2022-02-15,5.0,0.027000000000000024,0.2231249999999978,0.10136371994094613,0.08950000000000102,0.03977355322299527,0.15567777777777858
snow_depth,NaRRS,all,2022,2,2022-02-15,4.0,0.03900000000000148,0.18200000000000216,0.1065939139539245,0.10669230769230992,0.01784555040347128,0.07423288888888768
snow_depth,NaRRS,all,2022,2,2022-02-15,3.0,0.04600000000000648,0.28650000000000375,0.12372491546691451,0.11884615384615507,0.027083147670213286,0.1240533333333321
snow_depth,NaRRS,all,2022,2,2022-02-15,2.0,0.08569999999999993,0.4403999999999996,0.1720611711037673,0.15673333333333136,0.053801644469094065,0.20151485714285727
snow_depth,NaRRS,all,2022,2,2022-02-15,1.0,0.001999999999995339,0.44230303030302964,0.18261798615216482,0.15416590909090863,0.0915079714506355,0.32820116883116623
snow_depth,NaRRS,all,2022,2,2022-02-15,0.0,,,,,,
sea_ice_thickness,NaRRS,myi,2022,2,2022-02-15,100.0,0.5381896974441247,4.349977567725221,2.2393258134070657,2.1839497493592077,0.5562230426117456,2.2904663542866492
snow_depth,NaRRS,all,2022,2,2022-02-15,13.0,0.012999999999991019,0.24975000000000236,0.09812410064462465,0.09087500000000048,0.03711015002415303,0.1606533333333284
snow_depth,NaRRS,fyi,2022,2,2022-02-15,5.0,0.027000000000000024,0.2062500000000007,0.09265748540415868,0.0862500000000009,0.031197256114657044,0.12935000000000324
snow_depth,NaRRS,fyi,2022,2,2022-02-15,11.0,0.02599999999999625,0.21299999999999866,0.11726730817992803,0.11942857142857156,0.03239556837097212,0.12695111111110596
snow_depth,NaRRS,fyi,2022,2,2022-02-15,7.0,0.019999999999999574,0.22649999999999912,0.12380234458872562,0.1280000000000001,0.037079410400772124,0.1489999999999999
snow_depth,NaRRS,myi,2022,2,2022-02-15,14.0,,,,,,
sea_ice_thickness,NaRRS,myi,2022,2,2022-02-15,18.0,,,,,,
snow_depth,NaRRS,myi,2022,2,2022-02-15,13.0,,,,,,
snow_depth,NaRRS,myi,2022,2,2022-02-15,12.0,0.1529999999999916,0.43364705882353044,0.30159634487618947,0.311181818181818,0.06924599043868512,0.22808804347826003
snow_depth,NaRRS,myi,2022,2,2022-02-15,11.0,,,,,,
snow_depth,NaRRS,myi,2022,2,2022-02-15,10.0,,,,,,
snow_depth,NaRRS,myi,2022,2,2022-02-15,9.0,0.20541666666666694,0.20541666666666694,0.20541666666666694,0.20541666666666694,0.0,0.0
snow_depth,NaRRS,myi,2022,2,2022-02-15,8.0,0.19842857142857137,0.27100000000000024,0.24396838321374478,0.24880769230769242,0.015181838093751968,0.058237047163363725
snow_depth,NaRRS,myi,2022,2,2022-02-15,7.0,,,,,,
snow_depth,NaRRS,myi,2022,2,2022-02-15,6.0,,,,,,
snow_depth,NaRRS,myi,2022,2,2022-02-15,5.0,0.14133333333333553,0.2081428571428603,0.18195772486772474,0.18133333333333704,0.019997164367021474,0.06239285714285697
snow_depth,NaRRS,myi,2022,2,2022-02-15,4.0,,,,,,
snow_depth,NaRRS,fyi,2022,2,2022-02-15,6.0,0.0030000000000001137,0.25100000000000006,0.12015629263450406,0.11788888888888766,0.03693859345958355,0.1497699999999997
snow_depth,NaRRS,myi,2022,2,2022-02-15,3.0,0.22499999999999432,0.22499999999999432,0.22499999999999432,0.22499999999999432,0.0,0.0
snow_depth,NaRRS,myi,2022,2,2022-02-15,1.0,0.21394871794871712,0.44230303030302964,0.3233665914859573,0.32412538109756084,0.05558827753043986,0.19635072765072678
snow_depth,NaRRS,myi,2022,2,2022-02-15,0.0,,,,,,
snow_depth,NaRRS,fyi,2022,2,2022-02-15,18.0,,,,,,
snow_depth,NaRRS,fyi,2022,2,2022-02-15,17.0,0.049749999999999996,0.14220000000000002,0.10438181818181817,0.10700000000000001,0.02563003629202617,0.08466000000000004
snow_depth,NaRRS,fyi,2022,2,2022-02-15,16.0,,,,,,
snow_depth,NaRRS,fyi,2022,2,2022-02-15,15.0,0.0646666666666628,0.0646666666666628,0.0646666666666628,0.0646666666666628,0.0,0.0
snow_depth,NaRRS,fyi,2022,2,2022-02-15,14.0,0.0020000000000095497,0.23700000000000898,0.09459032029478442,0.0886666666666637,0.04076255301435545,0.17581999999999703
snow_depth,NaRRS,fyi,2022,2,2022-02-15,13.0,0.012999999999991019,0.24975000000000236,0.09804131161236425,0.0907083333333342,0.037169804671167934,0.16065714285713792
snow_depth,NaRRS,fyi,2022,2,2022-02-15,12.0,0.055000000000004455,0.2469999999999999,0.11862604580454426,0.11437499999999545,0.02467676830181947,0.10460000000000101
snow_depth,NaRRS,fyi,2022,2,2022-02-15,10.0,,,,,,
snow_depth,NaRRS,fyi,2022,2,2022-02-15,9.0,0.011999999999999567,0.22749999999999998,0.11393234338826623,0.10910000000000028,0.04034370430297928,0.14611999999999908
snow_depth,NaRRS,fyi,2022,2,2022-02-15,8.0,0.04100000000000037,0.27699999999999925,0.15556032925251367,0.1552000000000003,0.0389175203065141,0.16425747899159704
snow_depth,NaRRS,myi,2022,2,2022-02-15,2.0,0.1755000000000043,0.4403999999999996,0.2672458080366198,0.2579411764705894,0.044913510875358956,0.19006500000000062
snow_depth,NaRRS,fyi,2022,2,2022-02-15,100.0,0.001999999999995339,0.27699999999999925,0.11861262217592378,0.11602941176470652,0.03498957860983432,0.14782988744588788
sea_ice_thickness,NaRRS,fyi,2022,2,2022-02-15,9.0,-0.41672876834059025,4.3229923063376585,1.1908327423010996,1.1886445926402274,0.4941566022778655,2.1555534474068936
sea_ice_thickness,NaRRS,myi,2022,2,2022-02-15,16.0,,,,,,
sea_ice_thickness,NaRRS,fyi,2022,2,2022-02-15,4.0,0.1467437332140662,3.727896423395805,1.3588234753960526,1.371796605292782,0.280024275234349,1.1111533730175212
sea_ice_thickness,NaRRS,fyi,2022,2,2022-02-15,3.0,-0.02250712575235931,3.81209983813244,1.4387423984266159,1.4440929143573178,0.3759128465834459,1.7183930547459725
sea_ice_thickness,NaRRS,fyi,2022,2,2022-02-15,2.0,0.4793836376960161,3.5789434474045265,1.5348039037692038,1.5243546417124807,0.34841810542429086,1.4495265828831494
sea_ice_thickness,NaRRS,fyi,2022,2,2022-02-15,1.0,-0.07259377268525213,2.795893386634068,1.5163324913302105,1.4731212003523768,0.3891905747763376,1.5265868318209823
sea_ice_thickness,NaRRS,fyi,2022,2,2022-02-15,0.0,,,,,,
sea_ice_thickness,NaRRS,all,2022,2,2022-02-15,100.0,-0.48701873119088646,5.2615549002065904,1.4934859876112034,1.4495118258732569,0.554151439976385,2.433425525050353
sea_ice_thickness,NaRRS,all,2022,2,2022-02-15,18.0,,,,,,
sea_ice_thickness,NaRRS,all,2022,2,2022-02-15,17.0,0.22830260425653084,0.896058322234135,0.5552947781597539,0.5445562355591628,0.22185670012694964,0.6498533099513901
sea_ice_thickness,NaRRS,all,2022,2,2022-02-15,16.0,,,,,,
sea_ice_thickness,NaRRS,all,2022,2,2022-02-15,15.0,0.6073732922356309,0.6073732922356309,0.6073732922356309,0.6073732922356309,0.0,0.0
sea_ice_thickness,NaRRS,all,2022,2,2022-02-15,14.0,-0.13558575962770192,3.1340710332194135,0.989955730912157,0.8971454217645487,0.6173552533072764,2.754037441132162
sea_ice_thickness,NaRRS,all,2022,2,2022-02-15,13.0,-0.2778815316030432,3.5634829668777,1.0264147640483656,0.9871597309689075,0.5292654478398121,2.3454690636616564
sea_ice_thickness,NaRRS,fyi,2022,2,2022-02-15,5.0,-0.19752913995512245,2.4042174156220426,1.0905946799310242,1.077014700006117,0.34817687134696523,1.5236804173257399
sea_ice_thickness,NaRRS,all,2022,2,2022-02-15,12.0,0.31884504363077326,4.349977567725221,1.5956575974888296,1.4856103601557107,0.5247940874224567,2.3097838198830587
sea_ice_thickness,NaRRS,all,2022,2,2022-02-15,10.0,,,,,,
sea_ice_thickness,NaRRS,all,2022,2,2022-02-15,9.0,-0.41672876834059025,4.3229923063376585,1.2175045927118526,1.2166179482367525,0.4974865001539141,2.145634919322204
sea_ice_thickness,NaRRS,all,2022,2,2022-02-15,8.0,-0.4159796065280859,4.464552047423467,1.7075465396510472,1.692561903595844,0.6893509312551248,2.5772221908982478
sea_ice_thickness,NaRRS,all,2022,2,2022-02-15,7.0,-0.46463985120463747,5.2615549002065904,1.3586225450391214,1.3020593821251043,0.7446906160199055,3.599711424829734
sea_ice_thickness,NaRRS,all,2022,2,2022-02-15,6.0,-0.39934917210024423,3.647439519043701,1.2832332324548554,1.26263522853245,0.47617404087484444,2.0133430288506275
sea_ice_thickness,NaRRS,all,2022,2,2022-02-15,5.0,-0.19752913995512245,2.4042174156220426,1.1225241768510679,1.106501047064005,0.35589967562261404,1.506868357080412
sea_ice_thickness,NaRRS,all,2022,2,2022-02-15,4.0,0.1467437332140662,3.727896423395805,1.3591510966531093,1.371796605292782,0.27961881806090044,1.1156647104892667
sea_ice_thickness,NaRRS,all,2022,2,2022-02-15,3.0,-0.02250712575235931,3.81209983813244,1.4450344893178004,1.4462567024712172,0.38319829036930975,1.8111054570111804
sea_ice_thickness,NaRRS,all,2022,2,2022-02-15,2.0,0.4793836376960161,3.5789434474045265,1.6589944034951842,1.6232219827072116,0.40735610826731417,1.9097289035007643
sea_ice_thickness,NaRRS,all,2022,2,2022-02-15,1.0,-0.07259377268525213,4.146926368894236,1.7876943110850363,1.7615387140635546,0.5463911547006979,2.2798087219569574
sea_ice_thickness,NaRRS,all,2022,2,2022-02-15,0.0,,,,,,
snow_depth,NaRRS,myi,2022,2,2022-02-15,15.0,,,,,,
sea_ice_thickness,NaRRS,all,2022,2,2022-02-15,11.0,-0.48701873119088646,3.5613842386099037,1.5449767508393255,1.5723383089811023,0.5047685052967456,2.095874337854494
sea_ice_thickness,NaRRS,myi,2022,2,2022-02-15,17.0,,,,,,
sea_ice_thickness,NaRRS,fyi,2022,2,2022-02-15,6.0,-0.39934917210024423,3.647439519043701,1.2832332324548554,1.26263522853245,0.47617404087484444,2.0133430288506275
sea_ice_thickness,NaRRS,fyi,2022,2,2022-02-15,8.0,-0.4159796065280859,4.464552047423467,1.515004975437271,1.4192151492946745,0.7012467967023936,2.5412751446769213
sea_ice_thickness,NaRRS,myi,2022,2,2022-02-15,15.0,,,,,,
sea_ice_thickness,NaRRS,myi,2022,2,2022-02-15,14.0,,,,,,
sea_ice_thickness,NaRRS,myi,2022,2,2022-02-15,13.0,,,,,,
sea_ice_thickness,NaRRS,myi,2022,2,2022-02-15,12.0,0.5381896974441247,4.349977567725221,1.8772162451754002,1.7547237641487605,0.6558903733516267,2.6704290090079863
sea_ice_thickness,NaRRS,myi,2022,2,2022-02-15,11.0,,,,,,
sea_ice_thickness,NaRRS,myi,2022,2,2022-02-15,10.0,,,,,,
sea_ice_thickness,NaRRS,myi,2022,2,2022-02-15,9.0,1.0216921189471544,1.0216921189471544,1.0216921189471544,1.0216921189471544,0.0,0.0
sea_ice_thickness,NaRRS,myi,2022,2,2022-02-15,8.0,1.387730169349733,3.1970476289342167,2.225731525760965,2.19359333985468,0.40656267904933474,1.5135342277281971
sea_ice_thickness,NaRRS,myi,2022,2,2022-02-15,7.0,,,,,,
sea_ice_thickness,NaRRS,myi,2022,2,2022-02-15,6.0,,,,,,
sea_ice_thickness,NaRRS,myi,2022,2,2022-02-15,5.0,0.7316997847860875,1.8859391804395274,1.3741915327573109,1.3381436580530135,0.3456373372109048,1.1024949923930023
sea_ice_thickness,NaRRS,myi,2022,2,2022-02-15,4.0,,,,,,
sea_ice_thickness,NaRRS,fyi,2022,2,2022-02-15,7.0,-0.46463985120463747,5.2615549002065904,1.3591618632084588,1.3017663418409615,0.7461575529542067,3.60024458294356
sea_ice_thickness,NaRRS,myi,2022,2,2022-02-15,3.0,1.628852172679899,1.628852172679899,1.628852172679899,1.628852172679899,0.0,0.0
sea_ice_thickness,NaRRS,myi,2022,2,2022-02-15,1.0,1.6048635522754764,4.146926368894236,2.41074601656304,2.320660059159759,0.4541503945342674,1.7102883731454253
sea_ice_thickness,NaRRS,myi,2022,2,2022-02-15,0.0,,,,,,
sea_ice_thickness,NaRRS,fyi,2022,2,2022-02-15,100.0,-0.48701873119088646,5.2615549002065904,1.3741171283779678,1.366711788903022,0.4838422538253213,2.064351892011466
sea_ice_thickness,NaRRS,fyi,2022,2,2022-02-15,18.0,,,,,,
sea_ice_thickness,NaRRS,fyi,2022,2,2022-02-15,17.0,0.22830260425653084,0.896058322234135,0.5552947781597539,0.5445562355591628,0.22185670012694964,0.6498533099513901
sea_ice_thickness,NaRRS,fyi,2022,2,2022-02-15,16.0,,,,,,
sea_ice_thickness,NaRRS,fyi,2022,2,2022-02-15,15.0,0.6073732922356309,0.6073732922356309,0.6073732922356309,0.6073732922356309,0.0,0.0
sea_ice_thickness,NaRRS,fyi,2022,2,2022-02-15,14.0,-0.13558575962770192,3.1340710332194135,0.989955730912157,0.8971454217645487,0.6173552533072764,2.754037441132162
sea_ice_thickness,NaRRS,fyi,2022,2,2022-02-15,13.0,-0.2778815316030432,3.5634829668777,1.027331259798347,0.9874270655206203,0.5301848017454565,2.3513563797452184
sea_ice_thickness,NaRRS,fyi,2022,2,2022-02-15,12.0,0.31884504363077326,3.5347797616541325,1.4497697860919487,1.4219894760274159,0.4042668682695837,1.8260155106668257
sea_ice_thickness,NaRRS,fyi,2022,2,2022-02-15,11.0,-0.48701873119088646,3.5613842386099037,1.5449767508393255,1.5723383089811023,0.5047685052967456,2.095874337854494
sea_ice_thickness,NaRRS,fyi,2022,2,2022-02-15,10.0,,,,,,
sea_ice_thickness,NaRRS,myi,2022,2,2022-02-15,2.0,1.2284355732929158,3.410568814092585,1.959608560493926,1.8370265350996091,0.4487165274887087,1.9071240425410851
sea_ice_thickness,AWI,all,2022,2,2022-02-15,0.0,,,,,,
snow_depth,NaRRS,myi,2022,2,2022-02-15,17.0,,,,,,
snow_depth,NaRRS,myi,2022,2,2022-02-15,18.0,,,,,,
snow_depth,AWI,fyi,2022,2,2022-02-15,5.0,0.1192839965224266,0.26487550139427185,0.13666746020317078,0.12739501893520355,0.02844536118209362,0.12260323941707604
snow_depth,AWI,fyi,2022,2,2022-02-15,4.0,0.12836715579032898,0.1991156041622162,0.1348964273929596,0.134685680270195,0.004498315509408712,0.008670587539672842
snow_depth,AWI,fyi,2022,2,2022-02-15,3.0,0.11348174512386322,0.2725832760334015,0.13795718550682068,0.13790619373321533,0.011276684701442719,0.04315323546528824
snow_depth,AWI,fyi,2022,2,2022-02-15,2.0,0.12967714667320251,0.3401504456996918,0.1643838882446289,0.1519652158021927,0.03791775926947594,0.1676605415344242
snow_depth,AWI,fyi,2022,2,2022-02-15,1.0,0.12152380496263504,0.3434281647205353,0.14629587531089783,0.1375473439693451,0.030794311314821243,0.14235995709896088
snow_depth,AWI,fyi,2022,2,2022-02-15,0.0,,,,,,
snow_depth,AWI,all,2022,2,2022-02-15,100.0,0.004268201068043709,0.38296768069267273,0.1577831357717514,0.1355053186416626,0.08162109553813934,0.32089393626898527
snow_depth,AWI,all,2022,2,2022-02-15,18.0,,,,,,
snow_depth,AWI,all,2022,2,2022-02-15,17.0,0.014791982248425484,0.07183953374624252,0.037607815116643906,0.0321475975215435,0.018170874565839767,0.05448135547339916
snow_depth,AWI,all,2022,2,2022-02-15,16.0,,,,,,
snow_depth,AWI,all,2022,2,2022-02-15,15.0,0.010668336413800716,0.010668336413800716,0.010668336413800716,0.010668336413800716,0.0,0.0
snow_depth,AWI,all,2022,2,2022-02-15,14.0,0.006467510014772415,0.11441755294799805,0.043515101075172424,0.033268947154283524,0.027930160984396935,0.09552025780081748
snow_depth,AWI,all,2022,2,2022-02-15,13.0,0.004268201068043709,0.12872560322284698,0.05543886497616768,0.054410263895988464,0.035393621772527695,0.11965021211653948
snow_depth,AWI,all,2022,2,2022-02-15,12.0,0.0844072476029396,0.38296768069267273,0.2418162077665329,0.24413204193115234,0.08121763169765472,0.28431080952286725
snow_depth,AWI,all,2022,2,2022-02-15,11.0,0.03853652998805046,0.15308980643749237,0.09334106743335724,0.09117168188095093,0.019104430451989174,0.09110917277634144
snow_depth,AWI,all,2022,2,2022-02-15,10.0,,,,,,
snow_depth,AWI,all,2022,2,2022-02-15,9.0,0.005850665271282196,0.3749842345714569,0.11158151924610138,0.1177135705947876,0.055364686995744705,0.28712393993511776
snow_depth,AWI,all,2022,2,2022-02-15,8.0,0.013955884613096714,0.33191779255867004,0.17970216274261475,0.1878822147846222,0.06904488801956177,0.2692446499317884
snow_depth,AWI,all,2022,2,2022-02-15,7.0,0.0053047011606395245,0.15701353549957275,0.08984100818634033,0.09902799129486084,0.03537263348698616,0.1184762042015791
snow_depth,AWI,all,2022,2,2022-02-15,6.0,0.038749173283576965,0.18497243523597717,0.09965614229440689,0.09588383883237839,0.02675090916454792,0.0994096003472805
snow_depth,AWI,all,2022,2,2022-02-15,5.0,0.1192839965224266,0.2752407491207123,0.14790403842926025,0.12778480350971222,0.04357626661658287,0.13905163764953615
snow_depth,AWI,all,2022,2,2022-02-15,4.0,0.12836715579032898,0.1991156041622162,0.13497047126293182,0.13468033075332642,0.004731404595077038,0.008897701501846322
snow_depth,AWI,all,2022,2,2022-02-15,3.0,0.11348174512386322,0.27449944615364075,0.1385028064250946,0.13798701763153076,0.012995285913348198,0.05220625922083855
snow_depth,AWI,all,2022,2,2022-02-15,2.0,0.12967714667320251,0.3409910798072815,0.22863304615020752,0.19704528152942657,0.07987122982740402,0.19999841600656512
snow_depth,AWI,all,2022,2,2022-02-15,1.0,0.12152380496263504,0.363393634557724,0.2065930962562561,0.14532525837421417,0.08685631304979324,0.22365483343601228
snow_depth,AWI,fyi,2022,2,2022-02-15,6.0,0.038749173283576965,0.18497243523597717,0.09965614229440689,0.09588383883237839,0.02675090916454792,0.0994096003472805
snow_depth,AWI,fyi,2022,2,2022-02-15,7.0,0.0053047011606395245,0.15701353549957275,0.09010272473096848,0.09953251481056213,0.035349730402231216,0.11851561579853295
snow_depth,AWI,fyi,2022,2,2022-02-15,8.0,0.013955884613096714,0.31637877225875854,0.15217064321041107,0.15579576790332794,0.06493425369262695,0.2231145277619362
snow_depth,AWI,fyi,2022,2,2022-02-15,9.0,0.005850665271282196,0.3376120924949646,0.104269839823246,0.11293794959783554,0.04699467122554779,0.16421952303498982
snow_depth,AWI,myi,2022,2,2022-02-15,15.0,,,,,,
snow_depth,AWI,myi,2022,2,2022-02-15,14.0,,,,,,
snow_depth,AWI,myi,2022,2,2022-02-15,13.0,,,,,,
snow_depth,AWI,myi,2022,2,2022-02-15,12.0,0.2213152050971985,0.38296768069267273,0.3218359351158142,0.3316141366958618,0.04627077281475067,0.14319337010383604
snow_depth,AWI,myi,2022,2,2022-02-15,11.0,,,,,,
snow_depth,AWI,myi,2022,2,2022-02-15,10.0,,,,,,
snow_depth,AWI,myi,2022,2,2022-02-15,9.0,0.30244216322898865,0.30244216322898865,0.30244216322898865,0.30244216322898865,0.0,0.0
snow_depth,AWI,myi,2022,2,2022-02-15,8.0,0.16789685189723969,0.32034313678741455,0.26685693860054016,0.2832036316394806,0.0427960641682148,0.13609445780515672
snow_depth,AWI,myi,2022,2,2022-02-15,7.0,,,,,,
snow_depth,AWI,myi,2022,2,2022-02-15,6.0,,,,,,
snow_depth,AWI,myi,2022,2,2022-02-15,5.0,0.19191330671310425,0.2752407491207123,0.2461252510547638,0.2543606460094452,0.02473284862935543,0.08066157698631285
snow_depth,AWI,myi,2022,2,2022-02-15,4.0,,,,,,
snow_depth,AWI,all,2022,2,2022-02-15,0.0,,,,,,
snow_depth,AWI,myi,2022,2,2022-02-15,3.0,,,,,,
snow_depth,AWI,myi,2022,2,2022-02-15,1.0,0.28279709815979004,0.363393634557724,0.33062025904655457,0.3319864273071289,0.015177629888057709,0.06889918446540833
snow_depth,AWI,myi,2022,2,2022-02-15,0.0,,,,,,
snow_depth,AWI,fyi,2022,2,2022-02-15,100.0,0.004268201068043709,0.35490208864212036,0.12481296062469482,0.13238662481307983,0.043681975454092026,0.21899542808532738
snow_depth,AWI,fyi,2022,2,2022-02-15,18.0,,,,,,
snow_depth,AWI,fyi,2022,2,2022-02-15,17.0,0.014791982248425484,0.07183953374624252,0.037607815116643906,0.0321475975215435,0.018170874565839767,0.05448135547339916
snow_depth,AWI,fyi,2022,2,2022-02-15,16.0,,,,,,
snow_depth,AWI,fyi,2022,2,2022-02-15,15.0,0.010668336413800716,0.010668336413800716,0.010668336413800716,0.010668336413800716,0.0,0.0
snow_depth,AWI,fyi,2022,2,2022-02-15,14.0,0.006467510014772415,0.11441755294799805,0.043515101075172424,0.033268947154283524,0.027930160984396935,0.09552025780081748
snow_depth,AWI,fyi,2022,2,2022-02-15,13.0,0.004268201068043709,0.12872560322284698,0.05512138083577156,0.05370929464697838,0.03524455055594444,0.11967902682721615
snow_depth,AWI,fyi,2022,2,2022-02-15,12.0,0.0844072476029396,0.35490208864212036,0.1797248274087906,0.17542606592178345,0.05042576044797897,0.20883951053023347
snow_depth,AWI,fyi,2022,2,2022-02-15,11.0,0.03853652998805046,0.15308980643749237,0.09334106743335724,0.09117168188095093,0.019104430451989174,0.09110917277634144
snow_depth,AWI,fyi,2022,2,2022-02-15,10.0,,,,,,
snow_depth,AWI,myi,2022,2,2022-02-15,2.0,0.31121349334716797,0.34081822633743286,0.3247021734714508,0.3249245882034302,0.007201624568551779,0.024317470788955686
sea_ice_thickness,AWI,myi,2022,2,2022-02-15,100.0,0.6219910979270935,4.5332441329956055,2.3652288913726807,2.3140344619750977,0.5784593224525452,2.586783690452576
sea_ice_thickness,AWI,myi,2022,2,2022-02-15,18.0,,,,,,
sea_ice_thickness,AWI,myi,2022,2,2022-02-15,17.0,,,,,,
sea_ice_thickness,AWI,fyi,2022,2,2022-02-15,6.0,-0.02169458381831646,4.18086576461792,0.9254028797149658,0.8670709729194641,0.45281511545181274,1.7592101776599889
sea_ice_thickness,AWI,fyi,2022,2,2022-02-15,5.0,-0.23427952826023102,2.3341848850250244,0.9270173907279968,0.9066104292869568,0.31216204166412354,1.4971183240413666
sea_ice_thickness,AWI,fyi,2022,2,2022-02-15,4.0,0.13818590342998505,2.7914602756500244,1.1821093559265137,1.1803953647613525,0.31505438685417175,1.3351436114311217
sea_ice_thickness,AWI,fyi,2022,2,2022-02-15,3.0,0.05055282637476921,2.9632070064544678,1.2646512985229492,1.2498058080673218,0.3423665761947632,1.3970627081394191
sea_ice_thickness,AWI,fyi,2022,2,2022-02-15,2.0,0.4608059227466583,3.7757132053375244,1.4039185047149658,1.3807599544525146,0.39297887682914734,1.6955595552921316
sea_ice_thickness,AWI,fyi,2022,2,2022-02-15,1.0,0.3782293498516083,2.6365036964416504,1.3856662511825562,1.3591480255126953,0.37335634231567383,1.4855596661567683
sea_ice_thickness,AWI,fyi,2022,2,2022-02-15,0.0,,,,,,
sea_ice_thickness,AWI,all,2022,2,2022-02-15,100.0,-0.3397396206855774,8.95850944519043,1.306749939918518,1.2273379564285278,0.633549690246582,2.6347452908754376
sea_ice_thickness,AWI,all,2022,2,2022-02-15,18.0,,,,,,
sea_ice_thickness,AWI,all,2022,2,2022-02-15,17.0,0.15327756106853485,0.5811606645584106,0.3177315890789032,0.2667849659919739,0.12792301177978516,0.40032201826572417
sea_ice_thickness,AWI,all,2022,2,2022-02-15,16.0,,,,,,
sea_ice_thickness,AWI,all,2022,2,2022-02-15,15.0,0.1274937093257904,0.1274937093257904,0.1274937093257904,0.1274937093257904,0.0,0.0
sea_ice_thickness,AWI,fyi,2022,2,2022-02-15,7.0,-0.11393313109874725,5.547125339508057,0.8445093631744385,0.7828326225280762,0.4979112446308136,2.032349784225225
sea_ice_thickness,AWI,all,2022,2,2022-02-15,14.0,-0.11885318160057068,2.5724592208862305,0.43184125423431396,0.2959510087966919,0.45113399624824524,1.7522678804397573
sea_ice_thickness,AWI,all,2022,2,2022-02-15,12.0,0.42385154962539673,4.146233558654785,1.5386888980865479,1.4140050411224365,0.5976719856262207,2.539465366601944
sea_ice_thickness,AWI,all,2022,2,2022-02-15,11.0,-0.14304685592651367,8.95850944519043,1.0735418796539307,1.0093411207199097,0.6824354529380798,2.167946203052997
sea_ice_thickness,AWI,all,2022,2,2022-02-15,10.0,,,,,,
sea_ice_thickness,AWI,all,2022,2,2022-02-15,9.0,-0.0750126764178276,2.9920122623443604,0.9498863816261292,0.9413154721260071,0.43327659368515015,1.8007986736297608
sea_ice_thickness,AWI,all,2022,2,2022-02-15,8.0,-0.2742308974266052,3.996835231781006,1.39637291431427,1.383116364479065,0.666856050491333,2.8260508918762173
sea_ice_thickness,AWI,all,2022,2,2022-02-15,7.0,-0.11393313109874725,5.547125339508057,0.8451341390609741,0.7826764583587646,0.4972481429576874,2.026927739828824
sea_ice_thickness,AWI,all,2022,2,2022-02-15,6.0,-0.02169458381831646,4.18086576461792,0.9254028797149658,0.8670709729194641,0.45281511545181274,1.7592101776599889
sea_ice_thickness,AWI,all,2022,2,2022-02-15,5.0,-0.23427952826023102,2.3341848850250244,0.9376757144927979,0.9077339768409729,0.3259182572364807,1.5985996884107576
sea_ice_thickness,AWI,all,2022,2,2022-02-15,4.0,0.023266244679689407,2.7914602756500244,1.1770435571670532,1.17851722240448,0.3203464150428772,1.3579405474662778
sea_ice_thickness,AWI,all,2022,2,2022-02-15,3.0,0.05055282637476921,2.9632070064544678,1.2688524723052979,1.2515530586242676,0.3453059196472168,1.424786835908888
sea_ice_thickness,AWI,all,2022,2,2022-02-15,2.0,0.4608059227466583,3.9144840240478516,1.6223769187927246,1.5715771913528442,0.4881760776042938,2.023231105804443
sea_ice_thickness,AWI,all,2022,2,2022-02-15,1.0,0.3782293498516083,4.5332441329956055,1.7390708923339844,1.6521072387695312,0.6272221803665161,2.51609877705574
sea_ice_thickness,AWI,all,2022,2,2022-02-15,13.0,-0.3397396206855774,3.0218653678894043,0.5379011034965515,0.46617090702056885,0.41392791271209717,1.8084108375012875
snow_depth,AWI,myi,2022,2,2022-02-15,16.0,,,,,,
sea_ice_thickness,AWI,fyi,2022,2,2022-02-15,8.0,-0.2742308974266052,3.657921075820923,1.1797202825546265,1.2122269868850708,0.6241366863250732,2.587187661230564
sea_ice_thickness,AWI,fyi,2022,2,2022-02-15,10.0,,,,,,
sea_ice_thickness,AWI,myi,2022,2,2022-02-15,16.0,,,,,,
sea_ice_thickness,AWI,myi,2022,2,2022-02-15,15.0,,,,,,
sea_ice_thickness,AWI,myi,2022,2,2022-02-15,14.0,,,,,,
sea_ice_thickness,AWI,myi,2022,2,2022-02-15,13.0,,,,,,
sea_ice_thickness,AWI,myi,2022,2,2022-02-15,12.0,0.6219910979270935,4.146233558654785,1.9242528676986694,1.8599398136138916,0.6948354244232178,2.5218929755687705
sea_ice_thickness,AWI,myi,2022,2,2022-02-15,11.0,,,,,,
sea_ice_thickness,AWI,myi,2022,2,2022-02-15,10.0,,,,,,
sea_ice_thickness,AWI,myi,2022,2,2022-02-15,9.0,1.236466407775879,1.236466407775879,1.236466407775879,1.236466407775879,0.0,0.0
sea_ice_thickness,AWI,myi,2022,2,2022-02-15,8.0,0.9638677835464478,3.13114070892334,1.9514731168746948,1.916925072669983,0.49451273679733276,1.8471968889236448
sea_ice_thickness,AWI,myi,2022,2,2022-02-15,7.0,,,,,,
sea_ice_thickness,AWI,myi,2022,2,2022-02-15,6.0,,,,,,
sea_ice_thickness,AWI,myi,2022,2,2022-02-15,5.0,1.6370902061462402,2.1962149143218994,1.9049476385116577,1.8815377950668335,0.22886113822460175,0.5367597198486327
sea_ice_thickness,AWI,fyi,2022,2,2022-02-15,9.0,-0.0750126764178276,2.9920122623443604,0.9142798185348511,0.9123724102973938,0.43053820729255676,1.8059180226922043
sea_ice_thickness,AWI,myi,2022,2,2022-02-15,4.0,,,,,,
sea_ice_thickness,AWI,myi,2022,2,2022-02-15,2.0,0.7700379490852356,3.9144840240478516,2.119649648666382,2.0441083908081055,0.4326639473438263,1.8901025366783133
sea_ice_thickness,AWI,myi,2022,2,2022-02-15,1.0,1.6498563289642334,4.5332441329956055,2.5425984859466553,2.4284756183624268,0.4725823998451233,1.986191833019256
sea_ice_thickness,AWI,myi,2022,2,2022-02-15,0.0,,,,,,
sea_ice_thickness,AWI,fyi,2022,2,2022-02-15,100.0,-0.3397396206855774,8.95850944519043,1.1267110109329224,1.1127588748931885,0.4923872947692871,1.9758680617809288
sea_ice_thickness,AWI,fyi,2022,2,2022-02-15,18.0,,,,,,
sea_ice_thickness,AWI,fyi,2022,2,2022-02-15,17.0,0.15327756106853485,0.5811606645584106,0.3177315890789032,0.2667849659919739,0.12792301177978516,0.40032201826572417
sea_ice_thickness,AWI,fyi,2022,2,2022-02-15,16.0,,,,,,
sea_ice_thickness,AWI,fyi,2022,2,2022-02-15,15.0,0.1274937093257904,0.1274937093257904,0.1274937093257904,0.1274937093257904,0.0,0.0
sea_ice_thickness,AWI,fyi,2022,2,2022-02-15,14.0,-0.11885318160057068,2.5724592208862305,0.43184125423431396,0.2959510087966919,0.45113399624824524,1.7522678804397573
sea_ice_thickness,AWI,fyi,2022,2,2022-02-15,13.0,-0.3397396206855774,3.0218653678894043,0.536681056022644,0.465004563331604,0.4150671064853668,1.8084501405060291
sea_ice_thickness,AWI,fyi,2022,2,2022-02-15,12.0,0.42385154962539673,3.0291221141815186,1.3034238815307617,1.2557454109191895,0.43510740995407104,1.869398777484893
sea_ice_thickness,AWI,fyi,2022,2,2022-02-15,11.0,-0.14304685592651367,8.95850944519043,1.0735418796539307,1.0093411207199097,0.6824354529380798,2.167946203052997
sea_ice_thickness,AWI,myi,2022,2,2022-02-15,3.0,,,,,,
snow_depth,AWI,myi,2022,2,2022-02-15,17.0,,,,,,
snow_depth,AWI,myi,2022,2,2022-02-15,18.0,,,,,,
snow_depth,AWI,myi,2022,2,2022-02-15,100.0,0.16789685189723969,0.38296768069267273,0.3255932927131653,0.3284676671028137,0.02820991538465023,0.13285729736089708
snow_depth,NaRRS,myi,2022,2,2022-02-15,16.0,,,,,,
snow_depth,NaRRS,myi,2022,2,2022-02-15,100.0,0.14133333333333553,0.44230303030302964,0.3087626463459565,0.3090550000000008,0.06217409416144716,0.23098330645161208
snow_depth,AWI,fyi,2022,3,2022-03-15,5.0,0.0968538150191307,0.22308073937892914,0.12589803338050842,0.120671346783638,0.0207742340862751,0.10011481150984794
snow_depth,AWI,fyi,2022,3,2022-03-15,4.0,0.11655908823013306,0.24394498765468597,0.13858282566070557,0.13743819296360016,0.01170728262513876,0.033129880577325826
snow_depth,AWI,fyi,2022,3,2022-03-15,3.0,0.1467466801404953,0.34716182947158813,0.16470825672149658,0.16180163621902466,0.02354528196156025,0.10327796429395661
snow_depth,AWI,fyi,2022,3,2022-03-15,2.0,0.16113577783107758,0.34425365924835205,0.17947082221508026,0.16889728605747223,0.03162714093923569,0.13747430175542844
snow_depth,AWI,fyi,2022,3,2022-03-15,1.0,0.12338214367628098,0.3321074843406677,0.15524649620056152,0.14783239364624023,0.02799035981297493,0.11751829504966735
snow_depth,AWI,fyi,2022,3,2022-03-15,0.0,,,,,,
snow_depth,AWI,all,2022,3,2022-03-15,100.0,0.004138657357543707,0.3884260654449463,0.16379249095916748,0.1493280529975891,0.07749742269515991,0.311196611225605
snow_depth,AWI,all,2022,3,2022-03-15,18.0,,,,,,
snow_depth,AWI,all,2022,3,2022-03-15,17.0,0.05071303993463516,0.11792981624603271,0.08331499993801117,0.08105763047933578,0.020506422966718674,0.06307916849851608
snow_depth,AWI,all,2022,3,2022-03-15,16.0,,,,,,
snow_depth,AWI,all,2022,3,2022-03-15,15.0,,,,,,
snow_depth,AWI,all,2022,3,2022-03-15,14.0,0.006616430822759867,0.1288580298423767,0.038408953696489334,0.02417406439781189,0.03125222399830818,0.10715292604640125
snow_depth,AWI,myi,2022,3,2022-03-15,15.0,,,,,,
snow_depth,AWI,all,2022,3,2022-03-15,12.0,0.06437041610479355,0.3616265058517456,0.22878089547157288,0.23844267427921295,0.07298623025417328,0.27345724731683724
snow_depth,AWI,all,2022,3,2022-03-15,11.0,0.04427671432495117,0.16561779379844666,0.10632748156785965,0.10393455624580383,0.023929094895720482,0.10362110778689385
snow_depth,AWI,all,2022,3,2022-03-15,10.0,,,,,,
snow_depth,AWI,all,2022,3,2022-03-15,9.0,0.004138657357543707,0.3119301497936249,0.10718550533056259,0.11493618786334991,0.050639476627111435,0.24805935807526108
snow_depth,AWI,all,2022,3,2022-03-15,8.0,0.03971978649497032,0.37745848298072815,0.19501397013664246,0.2021423578262329,0.0683702751994133,0.279382764995098
snow_depth,AWI,all,2022,3,2022-03-15,7.0,0.005870610009878874,0.19783653318881989,0.12628260254859924,0.14304982125759125,0.048680927604436874,0.16979299599304792
snow_depth,AWI,all,2022,3,2022-03-15,6.0,0.04586371034383774,0.21930472552776337,0.11130217462778091,0.09945235401391983,0.03490286320447922,0.11626663915812985
snow_depth,AWI,all,2022,3,2022-03-15,5.0,0.0968538150191307,0.2255004644393921,0.13015949726104736,0.12203948944807053,0.02646012045443058,0.11016896635293959
snow_depth,AWI,all,2022,3,2022-03-15,4.0,0.11655908823013306,0.252505898475647,0.13927677273750305,0.13753323256969452,0.013747206889092922,0.0531986626982687
snow_depth,AWI,all,2022,3,2022-03-15,3.0,0.1467466801404953,0.34716182947158813,0.1664649397134781,0.16185200214385986,0.02837982401251793,0.12220503002405331
snow_depth,AWI,all,2022,3,2022-03-15,2.0,0.16113577783107758,0.3477279543876648,0.23628884553909302,0.17612892389297485,0.07576840370893478,0.1780621975660324
snow_depth,AWI,all,2022,3,2022-03-15,1.0,0.12338214367628098,0.3884260654449463,0.2081815004348755,0.16006052494049072,0.0823860764503479,0.2123604792356491
snow_depth,AWI,fyi,2022,3,2022-03-15,6.0,0.04586371034383774,0.21930472552776337,0.11118851602077484,0.09939002990722656,0.0348072275519371,0.1145146054774524
snow_depth,AWI,all,2022,3,2022-03-15,13.0,0.014182145707309246,0.2660277783870697,0.0821472555398941,0.07779502868652344,0.047040484845638275,0.1539511599391699
snow_depth,AWI,fyi,2022,3,2022-03-15,7.0,0.005870610009878874,0.19783653318881989,0.12594932317733765,0.14337509870529175,0.04951368644833565,0.17039454735815524
snow_depth,AWI,fyi,2022,3,2022-03-15,9.0,0.004138657357543707,0.29782116413116455,0.1039467304944992,0.11373871564865112,0.047274790704250336,0.15767655499279498
snow_depth,AWI,myi,2022,3,2022-03-15,14.0,,,,,,
snow_depth,AWI,myi,2022,3,2022-03-15,13.0,0.17289495468139648,0.23244157433509827,0.20964710414409637,0.22360476851463318,0.026236901059746742,0.057164754867553735
snow_depth,AWI,myi,2022,3,2022-03-15,12.0,0.2194569855928421,0.3616265058517456,0.3051127791404724,0.3109128475189209,0.037122998386621475,0.11835123449563978
snow_depth,AWI,myi,2022,3,2022-03-15,11.0,,,,,,
snow_depth,AWI,myi,2022,3,2022-03-15,10.0,,,,,,
snow_depth,AWI,myi,2022,3,2022-03-15,9.0,0.306799054145813,0.306799054145813,0.306799054145813,0.306799054145813,0.0,0.0
snow_depth,AWI,myi,2022,3,2022-03-15,8.0,0.0640374943614006,0.35956189036369324,0.19639071822166443,0.17162823677062988,0.10252892971038818,0.29395168691873547
snow_depth,AWI,myi,2022,3,2022-03-15,7.0,,,,,,
snow_depth,AWI,myi,2022,3,2022-03-15,6.0,,,,,,
snow_depth,AWI,myi,2022,3,2022-03-15,5.0,0.14193934202194214,0.20902623236179352,0.1899750679731369,0.20446735620498657,0.027824968099594116,0.06327775835990906
snow_depth,AWI,myi,2022,3,2022-03-15,4.0,0.16210845112800598,0.1644107550382614,0.1632595956325531,0.1632595956325531,0.001151151955127716,0.002210211753845226
snow_depth,AWI,myi,2022,3,2022-03-15,3.0,0.28470754623413086,0.34112682938575745,0.3252033591270447,0.337489515542984,0.023539703339338303,0.05342392981052396
snow_depth,AWI,myi,2022,3,2022-03-15,2.0,0.3320038616657257,0.34169280529022217,0.3348974287509918,0.33442041277885437,0.0017703984631225467,0.00802504777908325
snow_depth,AWI,myi,2022,3,2022-03-15,1.0,0.27655890583992004,0.3426705002784729,0.33392682671546936,0.3338143825531006,0.004555263556540012,0.012973342537879962
snow_depth,AWI,myi,2022,3,2022-03-15,0.0,,,,,,
snow_depth,AWI,fyi,2022,3,2022-03-15,100.0,0.004138657357543707,0.37745848298072815,0.13550300896167755,0.14167161285877228,0.04516510292887688,0.220701716542244
snow_depth,AWI,fyi,2022,3,2022-03-15,18.0,,,,,,
snow_depth,AWI,fyi,2022,3,2022-03-15,17.0,0.05071303993463516,0.11792981624603271,0.08331499993801117,0.08105763047933578,0.020506422966718674,0.06307916849851608
snow_depth,AWI,fyi,2022,3,2022-03-15,16.0,,,,,,
snow_depth,AWI,fyi,2022,3,2022-03-15,15.0,,,,,,
snow_depth,AWI,fyi,2022,3,2022-03-15,14.0,0.006616430822759867,0.1288580298423767,0.038408953696489334,0.02417406439781189,0.03125222399830818,0.10715292604640125
snow_depth,AWI,fyi,2022,3,2022-03-15,13.0,0.014182145707309246,0.2278696596622467,0.07774494588375092,0.07256459444761276,0.042004991322755814,0.14407829068601133
snow_depth,AWI,fyi,2022,3,2022-03-15,12.0,0.06437041610479355,0.3230319023132324,0.17712628841400146,0.1695052981376648,0.0509936697781086,0.21660853296518312
snow_depth,AWI,fyi,2022,3,2022-03-15,11.0,0.04427671432495117,0.16561779379844666,0.10632748156785965,0.10393455624580383,0.023929094895720482,0.10362110778689385
snow_depth,AWI,fyi,2022,3,2022-03-15,10.0,,,,,,
snow_depth,AWI,all,2022,3,2022-03-15,0.0,,,,,,
snow_depth,AWI,fyi,2022,3,2022-03-15,8.0,0.03971978649497032,0.37745848298072815,0.18272440135478973,0.18913203477859497,0.060189053416252136,0.21267078332602976
sea_ice_thickness,AWI,myi,2022,3,2022-03-15,100.0,0.009820776991546154,4.844198703765869,2.763429641723633,2.7597386837005615,0.6917049884796143,2.959511442184448
sea_ice_thickness,AWI,myi,2022,3,2022-03-15,16.0,,,,,,
sea_ice_thickness,AWI,fyi,2022,3,2022-03-15,5.0,0.15723681449890137,2.761263608932495,1.0311716794967651,0.9766915440559387,0.3076959550380707,1.3149846255779263
sea_ice_thickness,AWI,fyi,2022,3,2022-03-15,4.0,-0.27724379301071167,2.640582323074341,1.5115971565246582,1.5358835458755493,0.34436506032943726,1.35608553647995
sea_ice_thickness,AWI,fyi,2022,3,2022-03-15,3.0,0.47874873876571655,4.846075057983398,1.5831818580627441,1.5539426803588867,0.4149969220161438,1.905044479370114
sea_ice_thickness,AWI,fyi,2022,3,2022-03-15,2.0,0.5835511088371277,3.5625925064086914,1.6466797590255737,1.6280903816223145,0.35580646991729736,1.642247133255005
sea_ice_thickness,AWI,fyi,2022,3,2022-03-15,1.0,0.23798726499080658,3.688941478729248,1.6157898902893066,1.5968741178512573,0.37874630093574524,1.454781827926635
sea_ice_thickness,AWI,fyi,2022,3,2022-03-15,0.0,,,,,,
sea_ice_thickness,AWI,all,2022,3,2022-03-15,100.0,-0.27724379301071167,10.09245777130127,1.4865012168884277,1.428682565689087,0.7195770740509033,3.010298873186112
sea_ice_thickness,AWI,all,2022,3,2022-03-15,18.0,,,,,,
sea_ice_thickness,AWI,all,2022,3,2022-03-15,17.0,0.19910109043121338,0.8252676129341125,0.4198203682899475,0.353390634059906,0.18082532286643982,0.5706709045171738
sea_ice_thickness,AWI,all,2022,3,2022-03-15,16.0,,,,,,
sea_ice_thickness,AWI,all,2022,3,2022-03-15,15.0,,,,,,
sea_ice_thickness,AWI,all,2022,3,2022-03-15,14.0,-0.1618899405002594,6.190121650695801,0.3957001268863678,0.3467544913291931,0.5202609300613403,0.9114371635019777
sea_ice_thickness,AWI,fyi,2022,3,2022-03-15,6.0,0.055366430431604385,2.745675563812256,1.0023471117019653,0.9335713386535645,0.41159045696258545,1.7537404900789253
sea_ice_thickness,AWI,all,2022,3,2022-03-15,13.0,-0.24557194113731384,2.5218207836151123,0.6497794389724731,0.5838807821273804,0.362456351518631,1.4224709434434775
sea_ice_thickness,AWI,all,2022,3,2022-03-15,11.0,0.0252438485622406,10.09245777130127,1.2497786283493042,1.1052875518798828,0.8856261372566223,2.5771098697185506
sea_ice_thickness,AWI,all,2022,3,2022-03-15,10.0,,,,,,
sea_ice_thickness,AWI,all,2022,3,2022-03-15,9.0,-0.14752845466136932,3.1048734188079834,0.945800244808197,0.9513533115386963,0.43678465485572815,1.8033744432032106
sea_ice_thickness,AWI,all,2022,3,2022-03-15,8.0,-0.24592886865139008,5.714663505554199,1.6967324018478394,1.5383604764938354,0.9108858108520508,4.122990816831589
sea_ice_thickness,AWI,all,2022,3,2022-03-15,7.0,-0.07658492028713226,2.8083150386810303,0.9971837401390076,0.9646596908569336,0.46779316663742065,2.02519510447979
sea_ice_thickness,AWI,all,2022,3,2022-03-15,6.0,0.055366430431604385,2.8291373252868652,1.0047329664230347,0.9345883727073669,0.41557610034942627,1.7615191549062716
sea_ice_thickness,AWI,all,2022,3,2022-03-15,5.0,0.15723681449890137,2.761263608932495,1.0457873344421387,0.9879536628723145,0.3234766721725464,1.405256235599519
sea_ice_thickness,AWI,all,2022,3,2022-03-15,4.0,-0.27724379301071167,2.640582323074341,1.5114359855651855,1.5365524291992188,0.34378787875175476,1.3512133479118345
sea_ice_thickness,AWI,all,2022,3,2022-03-15,3.0,0.47874873876571655,4.846075057983398,1.584388256072998,1.5529284477233887,0.4195913076400757,1.9279624783992775
sea_ice_thickness,AWI,all,2022,3,2022-03-15,2.0,0.5835511088371277,4.255691051483154,1.869400143623352,1.8152987957000732,0.46637028455734253,1.940400669574736
sea_ice_thickness,AWI,all,2022,3,2022-03-15,1.0,0.23798726499080658,4.812648773193359,1.9609967470169067,1.8318942785263062,0.6799783110618591,2.718190521001816
sea_ice_thickness,AWI,all,2022,3,2022-03-15,0.0,,,,,,
sea_ice_thickness,AWI,all,2022,3,2022-03-15,12.0,-0.11727911978960037,4.844198703765869,1.6626598834991455,1.5437380075454712,0.7398272156715393,3.3769706368446357
sea_ice_thickness,AWI,myi,2022,3,2022-03-15,17.0,,,,,,
sea_ice_thickness,AWI,fyi,2022,3,2022-03-15,7.0,-0.07658492028713226,2.8083150386810303,0.9959585666656494,0.9699954390525818,0.4624979496002197,2.010545510053635
sea_ice_thickness,AWI,fyi,2022,3,2022-03-15,9.0,-0.14752845466136932,3.1048734188079834,0.9295151233673096,0.9266235828399658,0.4381572902202606,1.8179954451322549
sea_ice_thickness,AWI,myi,2022,3,2022-03-15,15.0,,,,,,
sea_ice_thickness,AWI,myi,2022,3,2022-03-15,14.0,,,,,,
sea_ice_thickness,AWI,myi,2022,3,2022-03-15,13.0,1.1158286333084106,1.3153271675109863,1.2355612516403198,1.2755279541015625,0.08620873838663101,0.1915185928344727
sea_ice_thickness,AWI,myi,2022,3,2022-03-15,12.0,0.009820776991546154,4.844198703765869,2.287688970565796,2.1551499366760254,0.811522364616394,2.7991292309761047
sea_ice_thickness,AWI,myi,2022,3,2022-03-15,11.0,,,,,,
sea_ice_thickness,AWI,myi,2022,3,2022-03-15,10.0,,,,,,
sea_ice_thickness,AWI,myi,2022,3,2022-03-15,9.0,1.044648289680481,1.044648289680481,1.044648289680481,1.044648289680481,0.0,0.0
sea_ice_thickness,AWI,myi,2022,3,2022-03-15,8.0,0.3935019075870514,4.079487323760986,1.9460514783859253,1.6736572980880737,1.0171242952346802,3.496506110429764
sea_ice_thickness,AWI,myi,2022,3,2022-03-15,7.0,,,,,,
sea_ice_thickness,AWI,myi,2022,3,2022-03-15,6.0,,,,,,
sea_ice_thickness,AWI,myi,2022,3,2022-03-15,5.0,,,,,,
sea_ice_thickness,AWI,myi,2022,3,2022-03-15,4.0,1.0221303701400757,1.1630572080612183,1.092593789100647,1.092593789100647,0.07046341896057129,0.13528976440429696
sea_ice_thickness,AWI,fyi,2022,3,2022-03-15,8.0,0.13571618497371674,5.442676544189453,1.5901092290878296,1.3885685205459595,0.8587283492088318,3.72737638115883
sea_ice_thickness,AWI,myi,2022,3,2022-03-15,3.0,1.516854166984558,2.1592600345611572,1.7474313974380493,1.6568057537078857,0.2464626580476761,0.609078869819641
sea_ice_thickness,AWI,myi,2022,3,2022-03-15,1.0,1.3282537460327148,4.812648773193359,2.9753425121307373,2.90008544921875,0.5420089960098267,2.2243208265304557
sea_ice_thickness,AWI,myi,2022,3,2022-03-15,0.0,,,,,,
sea_ice_thickness,AWI,fyi,2022,3,2022-03-15,100.0,-0.27724379301071167,10.09245777130127,1.3070961236953735,1.3160130977630615,0.5737265348434448,2.1515748369693757
sea_ice_thickness,AWI,fyi,2022,3,2022-03-15,18.0,,,,,,
sea_ice_thickness,AWI,fyi,2022,3,2022-03-15,17.0,0.19910109043121338,0.8252676129341125,0.4198203682899475,0.353390634059906,0.18082532286643982,0.5706709045171738
sea_ice_thickness,AWI,fyi,2022,3,2022-03-15,16.0,,,,,,
sea_ice_thickness,AWI,fyi,2022,3,2022-03-15,15.0,,,,,,
sea_ice_thickness,AWI,fyi,2022,3,2022-03-15,14.0,-0.1618899405002594,6.190121650695801,0.3957001268863678,0.3467544913291931,0.5202609300613403,0.9114371635019777
sea_ice_thickness,AWI,fyi,2022,3,2022-03-15,13.0,-0.24557194113731384,2.5218207836151123,0.6234347224235535,0.566946268081665,0.3462791442871094,1.4268066489323974
sea_ice_thickness,AWI,fyi,2022,3,2022-03-15,12.0,-0.11727911978960037,3.4374516010284424,1.3490062952041626,1.3467555046081543,0.5480820536613464,2.348233820497989
sea_ice_thickness,AWI,fyi,2022,3,2022-03-15,11.0,0.0252438485622406,10.09245777130127,1.2497786283493042,1.1052875518798828,0.8856261372566223,2.5771098697185506
sea_ice_thickness,AWI,fyi,2022,3,2022-03-15,10.0,,,,,,
sea_ice_thickness,AWI,myi,2022,3,2022-03-15,2.0,1.6006938219070435,4.255691051483154,2.4882118701934814,2.375614643096924,0.49740439653396606,2.145248861312865
sea_ice_thickness,AWI,myi,2022,3,2022-03-15,18.0,,,,,,
snow_depth,AWI,myi,2022,3,2022-03-15,17.0,,,,,,
snow_depth,AWI,myi,2022,3,2022-03-15,100.0,0.0640374943614006,0.3616265058517456,0.3241542875766754,0.3338223695755005,0.03391869738698006,0.12678891509771345
snow_depth,NaRRS,fyi,2022,3,2022-03-15,6.0,0.013999999999995794,0.26750000000000185,0.12724339821777791,0.12065714285714277,0.03734272600337199,0.1600280000000012
snow_depth,NaRRS,fyi,2022,3,2022-03-15,5.0,0.034000000000006025,0.23366666666666447,0.1016025912476242,0.09851249999999946,0.027313358637140295,0.11991999999999906
snow_depth,NaRRS,fyi,2022,3,2022-03-15,4.0,0.04579999999999984,0.19550000000000267,0.1223367994021999,0.1239722222222231,0.02065609279889954,0.08656115384615277
snow_depth,NaRRS,fyi,2022,3,2022-03-15,3.0,0.055999999999997385,0.2705000000000055,0.1349087167926478,0.12680000000000008,0.02988845120020312,0.13030666666666724
snow_depth,NaRRS,fyi,2022,3,2022-03-15,2.0,0.07800000000000296,0.2291875000000001,0.13891028386159868,0.1371578947368403,0.023018143858956994,0.1001484848484868
snow_depth,NaRRS,fyi,2022,3,2022-03-15,1.0,0.028999999999996362,0.22221428571428467,0.1381534562135408,0.13637484035759956,0.03038544413148879,0.12134025806451768
snow_depth,NaRRS,fyi,2022,3,2022-03-15,0.0,,,,,,
snow_depth,NaRRS,all,2022,3,2022-03-15,100.0,0.0019999999999997797,0.43799999999999883,0.14922379741450975,0.1335000000000015,0.06452592453686283,0.29779103759398323
snow_depth,NaRRS,all,2022,3,2022-03-15,18.0,,,,,,
snow_depth,NaRRS,all,2022,3,2022-03-15,17.0,0.04700000000000001,0.15500000000000003,0.0975091575091575,0.09599999999999997,0.028739999570394168,0.10008000000000002
snow_depth,NaRRS,all,2022,3,2022-03-15,16.0,,,,,,
snow_depth,NaRRS,all,2022,3,2022-03-15,15.0,,,,,,
snow_depth,NaRRS,fyi,2022,3,2022-03-15,7.0,0.0129999999999999,0.22577777777777797,0.12718085221539135,0.12974999999999826,0.03780990131652789,0.14343999999999715
snow_depth,NaRRS,all,2022,3,2022-03-15,14.0,0.026999999999986812,0.2225000000000108,0.098543399611618,0.09233333333334315,0.0397352331022674,0.15812111111111543
snow_depth,NaRRS,all,2022,3,2022-03-15,12.0,0.055000000000000604,0.43799999999999883,0.19638710718664001,0.16833333333333228,0.09154520124557212,0.3142674999999955
snow_depth,NaRRS,all,2022,3,2022-03-15,11.0,0.027999999999998693,0.246,0.12245711154523585,0.1234999999999989,0.037211309743019394,0.1439597402597399
snow_depth,NaRRS,all,2022,3,2022-03-15,10.0,,,,,,
snow_depth,NaRRS,all,2022,3,2022-03-15,9.0,0.0019999999999997797,0.27700000000000014,0.11294199358200213,0.1097500000000001,0.040634414906019316,0.15939846153846107
snow_depth,NaRRS,all,2022,3,2022-03-15,8.0,0.05300000000000005,0.3034285714285715,0.1875223925510521,0.1897500000000002,0.04524518126353186,0.18658999999999998
snow_depth,NaRRS,all,2022,3,2022-03-15,7.0,0.0129999999999999,0.22577777777777797,0.12795132152181735,0.13024999999999762,0.03776092315864562,0.14182666666666696
snow_depth,NaRRS,all,2022,3,2022-03-15,6.0,0.013999999999995794,0.26750000000000185,0.12738522848514788,0.12073214285714243,0.03745886954353248,0.15992400000000118
snow_depth,NaRRS,all,2022,3,2022-03-15,5.0,0.034000000000006025,0.2485000000000035,0.10659074505540297,0.10100000000000019,0.033255078885324085,0.14309999999998296
snow_depth,NaRRS,all,2022,3,2022-03-15,4.0,0.04579999999999984,0.19550000000000267,0.12274777244810735,0.12451470588235146,0.02083228992651911,0.08967692307692571
snow_depth,NaRRS,all,2022,3,2022-03-15,3.0,0.055999999999997385,0.29199999999999593,0.13600119170888483,0.12717424242424172,0.031307512991441765,0.13296363636363365
snow_depth,NaRRS,all,2022,3,2022-03-15,2.0,0.07800000000000296,0.4201666666666692,0.17234743131794217,0.15690909090909083,0.05238714471195962,0.19310876767676372
snow_depth,NaRRS,all,2022,3,2022-03-15,1.0,0.028999999999996362,0.43165625000000046,0.1856284643892632,0.1544800000000015,0.08262529123103583,0.3001049192546583
snow_depth,NaRRS,all,2022,3,2022-03-15,13.0,0.016666666666660983,0.2810000000000059,0.13388456007688673,0.13541666666666075,0.045016472901535015,0.1742009999999934
snow_depth,NaRRS,all,2022,3,2022-03-15,0.0,,,,,,
snow_depth,NaRRS,fyi,2022,3,2022-03-15,8.0,0.05300000000000005,0.294,0.16085146714688225,0.15711904761904763,0.03872679847872024,0.1679786666666658
snow_depth,NaRRS,fyi,2022,3,2022-03-15,10.0,,,,,,
snow_depth,NaRRS,myi,2022,3,2022-03-15,16.0,,,,,,
snow_depth,NaRRS,myi,2022,3,2022-03-15,15.0,,,,,,
snow_depth,NaRRS,myi,2022,3,2022-03-15,14.0,,,,,,
snow_depth,NaRRS,myi,2022,3,2022-03-15,13.0,0.1734999999999971,0.18557142857143155,0.17913492063491873,0.17833333333332746,0.004960628561675442,0.011588571428577082
snow_depth,NaRRS,myi,2022,3,2022-03-15,12.0,0.16949999999999932,0.43799999999999883,0.31944272316315087,0.33220238095238086,0.06025234409419202,0.20771878787878728
snow_depth,NaRRS,myi,2022,3,2022-03-15,11.0,,,,,,
snow_depth,NaRRS,myi,2022,3,2022-03-15,10.0,,,,,,
snow_depth,NaRRS,myi,2022,3,2022-03-15,9.0,0.054000000000002046,0.054000000000002046,0.054000000000002046,0.054000000000002046,0.0,0.0
snow_depth,NaRRS,myi,2022,3,2022-03-15,8.0,0.11649999999999996,0.2971818181818181,0.2220153704564829,0.2263749999999991,0.051366401766123206,0.17212230303030318
snow_depth,NaRRS,myi,2022,3,2022-03-15,7.0,,,,,,
snow_depth,NaRRS,myi,2022,3,2022-03-15,6.0,,,,,,
snow_depth,NaRRS,myi,2022,3,2022-03-15,5.0,0.14700000000000082,0.21375000000000455,0.19462499999999908,0.20887499999999548,0.02757971401229457,0.0628800000000033
snow_depth,NaRRS,fyi,2022,3,2022-03-15,9.0,0.0019999999999997797,0.27700000000000014,0.10987024868538191,0.10699999999999998,0.03906303809215998,0.158703333333333
snow_depth,NaRRS,myi,2022,3,2022-03-15,4.0,0.13700000000000045,0.15899999999999181,0.14799999999999613,0.14799999999999613,0.01099999999999568,0.0211199999999917
snow_depth,NaRRS,myi,2022,3,2022-03-15,2.0,0.19369230769231102,0.4201666666666692,0.2719638390727891,0.26259999999999956,0.04332607760026638,0.17716363636363566
snow_depth,NaRRS,myi,2022,3,2022-03-15,1.0,0.2259444444444488,0.43165625000000046,0.3300677957582418,0.32934523809523836,0.04720802700060216,0.17506385104919175
snow_depth,NaRRS,myi,2022,3,2022-03-15,0.0,,,,,,
snow_depth,NaRRS,fyi,2022,3,2022-03-15,100.0,0.0019999999999997797,0.294,0.12725048586112034,0.12520000000000095,0.03530902830906398,0.14957866666667086
snow_depth,NaRRS,fyi,2022,3,2022-03-15,18.0,,,,,,
snow_depth,NaRRS,fyi,2022,3,2022-03-15,17.0,0.04700000000000001,0.15500000000000003,0.0975091575091575,0.09599999999999997,0.028739999570394168,0.10008000000000002
snow_depth,NaRRS,fyi,2022,3,2022-03-15,16.0,,,,,,
snow_depth,NaRRS,fyi,2022,3,2022-03-15,15.0,,,,,,
snow_depth,NaRRS,fyi,2022,3,2022-03-15,14.0,0.026999999999986812,0.2225000000000108,0.098543399611618,0.09233333333334315,0.0397352331022674,0.15812111111111543
snow_depth,NaRRS,fyi,2022,3,2022-03-15,13.0,0.016666666666660983,0.2810000000000059,0.13214920114338713,0.13257142857142615,0.04494448892488647,0.1767146666666641
snow_depth,NaRRS,fyi,2022,3,2022-03-15,12.0,0.055000000000000604,0.23166666666666677,0.12870313764690988,0.12544999999999978,0.029308219039213407,0.13060999999999948
snow_depth,NaRRS,fyi,2022,3,2022-03-15,11.0,0.027999999999998693,0.246,0.12245711154523585,0.1234999999999989,0.037211309743019394,0.1439597402597399
snow_depth,NaRRS,myi,2022,3,2022-03-15,3.0,0.14849999999999852,0.254249999999999,0.18456150793650783,0.16180952380952462,0.0402144927118025,0.10207499999999925
sea_ice_thickness,NaRRS,myi,2022,3,2022-03-15,100.0,0.499128367471144,4.5294003672766525,2.612123431936958,2.588377821586278,0.6047303527473136,2.5051814162994237
sea_ice_thickness,NaRRS,myi,2022,3,2022-03-15,18.0,,,,,,
sea_ice_thickness,NaRRS,myi,2022,3,2022-03-15,17.0,,,,,,
sea_ice_thickness,NaRRS,fyi,2022,3,2022-03-15,5.0,-0.14405821360583104,2.587886348666075,1.278135784467235,1.2653783517469974,0.29881111095384555,1.3389993505779332
sea_ice_thickness,NaRRS,fyi,2022,3,2022-03-15,4.0,0.5228449084667659,2.5852092322725184,1.6184203559011732,1.6503596144738608,0.2795830773078869,1.1581885921899033
sea_ice_thickness,NaRRS,fyi,2022,3,2022-03-15,3.0,-0.47856918125512493,4.052749017999493,1.6752540612602296,1.6532292325177498,0.42980673523005664,1.9207234978184748
sea_ice_thickness,NaRRS,fyi,2022,3,2022-03-15,2.0,0.5681775741884394,2.9949471640780416,1.717407475040148,1.696946466403132,0.32631656215244187,1.5061569920605664
sea_ice_thickness,NaRRS,fyi,2022,3,2022-03-15,1.0,0.05218919655507648,3.0529703136843978,1.7853096410111926,1.7629810217444732,0.4118014658980424,1.7049977109982997
sea_ice_thickness,NaRRS,fyi,2022,3,2022-03-15,0.0,,,,,,
sea_ice_thickness,NaRRS,all,2022,3,2022-03-15,100.0,-0.4926126191280673,9.742176783162535,1.6712177937345774,1.6248042795510982,0.626619550328505,2.6826579489670896
sea_ice_thickness,NaRRS,all,2022,3,2022-03-15,18.0,,,,,,
sea_ice_thickness,NaRRS,all,2022,3,2022-03-15,17.0,0.0907021498058449,1.53196517016184,0.8504914910892375,0.935230113618509,0.3725342210770688,1.3120527792527623
sea_ice_thickness,NaRRS,all,2022,3,2022-03-15,16.0,,,,,,
sea_ice_thickness,NaRRS,all,2022,3,2022-03-15,15.0,,,,,,
sea_ice_thickness,NaRRS,all,2022,3,2022-03-15,14.0,-0.4926126191280673,4.194084721202671,1.0013227157519637,0.8825279140264304,0.7020262914795072,3.0030067478986355
sea_ice_thickness,NaRRS,fyi,2022,3,2022-03-15,6.0,0.03045051125935198,3.7788611685754177,1.3698942601003115,1.305075801361141,0.4557223605409527,1.9516618703693265
sea_ice_thickness,NaRRS,all,2022,3,2022-03-15,13.0,-0.40767410455623576,4.910182690819283,1.2370002615291165,1.2121608923617626,0.627510419685581,2.528656648475921
sea_ice_thickness,NaRRS,all,2022,3,2022-03-15,11.0,-0.4567163957279803,4.247271078892709,1.6755498530537662,1.654699553828518,0.6092609268330185,2.499576193232281
sea_ice_thickness,NaRRS,all,2022,3,2022-03-15,10.0,,,,,,
sea_ice_thickness,NaRRS,all,2022,3,2022-03-15,9.0,-0.4510652673472291,3.6509751536531896,1.2403933037735673,1.2099677798076793,0.5086617809257081,2.0842361016767508
sea_ice_thickness,NaRRS,all,2022,3,2022-03-15,8.0,-0.33537981206842654,9.742176783162535,1.8933345992220618,1.8142089139779354,0.945732916702531,3.1814809915627493
sea_ice_thickness,NaRRS,all,2022,3,2022-03-15,7.0,-0.36880753793479926,7.179033540345358,1.386676000330892,1.2870410236335874,0.7919429145366255,3.049301582241525
sea_ice_thickness,NaRRS,all,2022,3,2022-03-15,6.0,0.03045051125935198,3.7788611685754177,1.372375274733265,1.3053059111401268,0.45940921282281294,1.963377155812104
sea_ice_thickness,NaRRS,all,2022,3,2022-03-15,5.0,-0.14405821360583104,2.587886348666075,1.2954600938945773,1.2797763214855422,0.30820510178313376,1.3861314200335348
sea_ice_thickness,NaRRS,all,2022,3,2022-03-15,4.0,0.5228449084667659,2.7329945438964387,1.6205732023255208,1.651160909686223,0.28120558785397554,1.1676979170109156
sea_ice_thickness,NaRRS,all,2022,3,2022-03-15,3.0,-0.47856918125512493,4.155196043258002,1.6799305481060784,1.6528305674404753,0.4436037432036842,1.9870338008985993
sea_ice_thickness,NaRRS,all,2022,3,2022-03-15,2.0,0.5681775741884394,3.545668669831732,1.827351999466434,1.7887295723396943,0.3710853740422736,1.619463146534006
sea_ice_thickness,NaRRS,all,2022,3,2022-03-15,1.0,0.05218919655507648,4.5294003672766525,2.0566926112496895,1.9976529944852328,0.5845153353474764,2.3658124720548184
sea_ice_thickness,NaRRS,all,2022,3,2022-03-15,0.0,,,,,,
sea_ice_thickness,NaRRS,all,2022,3,2022-03-15,12.0,-0.1669581563615452,4.486954420694815,1.809958908693757,1.7293582894742676,0.6123841452719399,2.7256405437362514
sea_ice_thickness,NaRRS,fyi,2022,3,2022-03-15,7.0,-0.36880753793479926,7.179033540345358,1.3820249124848678,1.2869947916396343,0.7967516429661587,3.0942997232549923
sea_ice_thickness,NaRRS,fyi,2022,3,2022-03-15,8.0,-0.33537981206842654,9.742176783162535,1.720055173115873,1.5381918735858746,1.2024042581283882,4.446430519063182
sea_ice_thickness,NaRRS,fyi,2022,3,2022-03-15,9.0,-0.4510652673472291,3.6509751536531896,1.2335267710684956,1.197207665721529,0.5092261315984745,2.0984789070769634
sea_ice_thickness,NaRRS,myi,2022,3,2022-03-15,16.0,,,,,,
sea_ice_thickness,NaRRS,myi,2022,3,2022-03-15,15.0,,,,,,
sea_ice_thickness,NaRRS,myi,2022,3,2022-03-15,14.0,,,,,,
sea_ice_thickness,NaRRS,myi,2022,3,2022-03-15,13.0,1.148349349074806,1.340709686143441,1.2569237927218042,1.2817123429471653,0.08046315507110968,0.18466592358588962
sea_ice_thickness,NaRRS,myi,2022,3,2022-03-15,12.0,0.5953425596467739,4.486954420694815,2.247988611155953,2.199957552362438,0.6986937818061687,2.9034209424734914
sea_ice_thickness,NaRRS,myi,2022,3,2022-03-15,11.0,,,,,,
sea_ice_thickness,NaRRS,myi,2022,3,2022-03-15,10.0,,,,,,
sea_ice_thickness,NaRRS,myi,2022,3,2022-03-15,9.0,0.499128367471144,0.499128367471144,0.499128367471144,0.499128367471144,0.0,0.0
sea_ice_thickness,NaRRS,myi,2022,3,2022-03-15,8.0,1.0050446422071269,3.662958156253562,2.115366482672154,2.009196794795097,0.7698344942881502,2.556661642308025
sea_ice_thickness,NaRRS,myi,2022,3,2022-03-15,7.0,,,,,,
sea_ice_thickness,NaRRS,myi,2022,3,2022-03-15,6.0,,,,,,
sea_ice_thickness,NaRRS,myi,2022,3,2022-03-15,5.0,1.0994475196653184,2.0985422403685448,1.4306559256912028,1.262316971365474,0.39358943810916286,0.946350756516763
sea_ice_thickness,NaRRS,myi,2022,3,2022-03-15,4.0,1.9989770727968335,2.7329945438964387,2.365985808346636,2.365985808346636,0.3670087355498026,0.7046567722556212
sea_ice_thickness,NaRRS,myi,2022,3,2022-03-15,3.0,0.8106549016115423,2.0229175555240695,1.5483908957600183,1.5360848457229233,0.38847939687115646,1.1340447527054094
sea_ice_thickness,NaRRS,myi,2022,3,2022-03-15,2.0,1.3652165133422127,3.545668669831732,2.164561321570213,2.103538758756698,0.441431910476072,1.8620279735050895
sea_ice_thickness,NaRRS,myi,2022,3,2022-03-15,1.0,1.8907054057071428,4.5294003672766525,2.8327440353235955,2.7461736781057873,0.43826782099794326,1.6146449777813463
sea_ice_thickness,NaRRS,myi,2022,3,2022-03-15,0.0,,,,,,
sea_ice_thickness,NaRRS,fyi,2022,3,2022-03-15,100.0,-0.4926126191280673,9.742176783162535,1.5451701956725747,1.535941248030742,0.5508807455281198,2.251328477589857
sea_ice_thickness,NaRRS,fyi,2022,3,2022-03-15,18.0,,,,,,
sea_ice_thickness,NaRRS,fyi,2022,3,2022-03-15,17.0,0.0907021498058449,1.53196517016184,0.8504914910892375,0.935230113618509,0.3725342210770688,1.3120527792527623
sea_ice_thickness,NaRRS,fyi,2022,3,2022-03-15,16.0,,,,,,
sea_ice_thickness,NaRRS,fyi,2022,3,2022-03-15,15.0,,,,,,
sea_ice_thickness,NaRRS,fyi,2022,3,2022-03-15,14.0,-0.4926126191280673,4.194084721202671,1.0013227157519637,0.8825279140264304,0.7020262914795072,3.0030067478986355
sea_ice_thickness,NaRRS,fyi,2022,3,2022-03-15,13.0,-0.40767410455623576,4.910182690819283,1.226367065451837,1.1970255193270987,0.6351999264525874,2.5515536650993145
sea_ice_thickness,NaRRS,fyi,2022,3,2022-03-15,12.0,-0.1669581563615452,3.7881195799518457,1.6092222743012226,1.5907197651651148,0.48932605896512793,2.1266538661490784
sea_ice_thickness,NaRRS,fyi,2022,3,2022-03-15,11.0,-0.4567163957279803,4.247271078892709,1.6755498530537662,1.654699553828518,0.6092609268330185,2.499576193232281
sea_ice_thickness,NaRRS,fyi,2022,3,2022-03-15,10.0,,,,,,
snow_depth,NaRRS,myi,2022,3,2022-03-15,17.0,,,,,,
snow_depth,AWI,myi,2022,3,2022-03-15,18.0,,,,,,
snow_depth,NaRRS,myi,2022,3,2022-03-15,18.0,,,,,,
snow_depth,NaRRS,myi,2022,3,2022-03-15,100.0,0.054000000000002046,0.43799999999999883,0.31708360236499794,0.31984757834757765,0.05783879976499305,0.22753207287449254
snow_depth,AWI,myi,2022,3,2022-03-15,16.0,,,,,,
sea_ice_thickness,AWI,myi,2022,4,2022-04-15,15.0,,,,,,
sea_ice_thickness,AWI,fyi,2022,4,2022-04-15,10.0,,,,,,
sea_ice_thickness,AWI,fyi,2022,4,2022-04-15,11.0,-0.29076480865478516,9.089000701904297,1.0856529474258423,0.916574239730835,0.812147855758667,3.4272413581609698
sea_ice_thickness,AWI,fyi,2022,4,2022-04-15,12.0,0.2369072139263153,4.085744380950928,1.6722880601882935,1.642033576965332,0.6317365169525146,2.761050117015838
sea_ice_thickness,AWI,fyi,2022,4,2022-04-15,13.0,-0.13511013984680176,2.7777092456817627,0.6931759715080261,0.6501599550247192,0.3947049379348755,1.512476765960457
sea_ice_thickness,AWI,fyi,2022,4,2022-04-15,14.0,-0.02153497003018856,1.7303837537765503,0.5279989242553711,0.45147591829299927,0.3575427532196045,1.4552172736357898
sea_ice_thickness,AWI,fyi,2022,4,2022-04-15,15.0,,,,,,
sea_ice_thickness,AWI,fyi,2022,4,2022-04-15,16.0,,,,,,
sea_ice_thickness,AWI,fyi,2022,4,2022-04-15,17.0,0.19105830788612366,0.6418115496635437,0.4211231768131256,0.3636474311351776,0.14814208447933197,0.4265414917469025
sea_ice_thickness,AWI,fyi,2022,4,2022-04-15,18.0,,,,,,
sea_ice_thickness,AWI,fyi,2022,4,2022-04-15,100.0,-0.29076480865478516,9.089000701904297,1.3830550909042358,1.37836754322052,0.5823563933372498,2.1964201211929324
sea_ice_thickness,AWI,myi,2022,4,2022-04-15,0.0,,,,,,
sea_ice_thickness,AWI,myi,2022,4,2022-04-15,1.0,1.6532856225967407,5.311926364898682,2.9181196689605713,2.836817979812622,0.5320237874984741,2.169915175437927
sea_ice_thickness,AWI,myi,2022,4,2022-04-15,2.0,1.2782808542251587,4.016841888427734,2.6268324851989746,2.653684377670288,0.5491818189620972,2.2723119878768916
sea_ice_thickness,AWI,fyi,2022,4,2022-04-15,9.0,-0.04645456373691559,3.439429998397827,1.0738250017166138,1.064824104309082,0.4697173535823822,1.9072820001840594
sea_ice_thickness,AWI,myi,2022,4,2022-04-15,4.0,,,,,,
sea_ice_thickness,AWI,myi,2022,4,2022-04-15,5.0,0.47460997104644775,1.9803097248077393,1.2274599075317383,1.2274599075317383,0.7528498768806458,1.4454717636108398
sea_ice_thickness,AWI,myi,2022,4,2022-04-15,6.0,3.7119557857513428,3.7119557857513428,3.7119557857513428,3.7119557857513428,0.0,0.0
sea_ice_thickness,AWI,myi,2022,4,2022-04-15,7.0,0.7570722103118896,0.7570722103118896,0.7570722103118896,0.7570722103118896,0.0,0.0
sea_ice_thickness,AWI,myi,2022,4,2022-04-15,8.0,1.0120652914047241,5.084935188293457,3.1377158164978027,3.3985745906829834,1.0198034048080444,3.703262014389037
sea_ice_thickness,AWI,myi,2022,4,2022-04-15,9.0,1.1930290460586548,1.1930290460586548,1.1930290460586548,1.1930290460586548,0.0,0.0
sea_ice_thickness,AWI,myi,2022,4,2022-04-15,10.0,,,,,,
sea_ice_thickness,AWI,myi,2022,4,2022-04-15,11.0,,,,,,
sea_ice_thickness,AWI,myi,2022,4,2022-04-15,12.0,0.9081548452377319,5.873381614685059,2.734301805496216,2.68354868888855,0.9943176507949829,3.9650324964523302
sea_ice_thickness,AWI,myi,2022,4,2022-04-15,13.0,,,,,,
sea_ice_thickness,AWI,myi,2022,4,2022-04-15,14.0,,,,,,
sea_ice_thickness,AWI,myi,2022,4,2022-04-15,16.0,,,,,,
sea_ice_thickness,AWI,myi,2022,4,2022-04-15,3.0,1.2368671894073486,1.7615149021148682,1.4266656637191772,1.281614899635315,0.2374778538942337,0.5036618041992187
snow_depth,AWI,myi,2022,4,2022-04-15,17.0,,,,,,
sea_ice_thickness,AWI,fyi,2022,4,2022-04-15,6.0,-0.11733873933553696,3.5301260948181152,1.0554585456848145,0.9567073583602905,0.501015841960907,2.1619276922941206
sea_ice_thickness,AWI,all,2022,4,2022-04-15,0.0,,,,,,
sea_ice_thickness,AWI,all,2022,4,2022-04-15,1.0,0.1698375642299652,5.311926364898682,1.9727970361709595,1.8827996253967285,0.6282876133918762,2.6309795761108403
sea_ice_thickness,AWI,all,2022,4,2022-04-15,2.0,0.6816599369049072,4.075872421264648,1.9219428300857544,1.841683030128479,0.5177336931228638,2.202125754356383
sea_ice_thickness,AWI,all,2022,4,2022-04-15,3.0,-0.016666259616613388,4.157280445098877,1.540774941444397,1.5485854148864746,0.441455602645874,1.9251049876213073
sea_ice_thickness,AWI,all,2022,4,2022-04-15,4.0,0.26429128646850586,4.104801654815674,1.6319172382354736,1.6645814180374146,0.4141499996185303,1.7459354400634755
sea_ice_thickness,AWI,all,2022,4,2022-04-15,5.0,0.042924851179122925,3.2936336994171143,1.0702341794967651,1.0437653064727783,0.36545029282569885,1.5656141191720967
sea_ice_thickness,AWI,all,2022,4,2022-04-15,6.0,-0.11733873933553696,3.7119557857513428,1.0666528940200806,0.9618660807609558,0.5224248170852661,2.230429665446281
sea_ice_thickness,AWI,all,2022,4,2022-04-15,7.0,-0.0571417361497879,4.052059173583984,1.0096811056137085,0.989318311214447,0.4204652011394501,1.6386263096332552
sea_ice_thickness,AWI,all,2022,4,2022-04-15,8.0,0.03136608004570007,6.012975692749023,1.7346837520599365,1.5434571504592896,0.9413734078407288,4.3797049355506905
sea_ice_thickness,AWI,all,2022,4,2022-04-15,9.0,-0.04645456373691559,3.439429998397827,1.0801206827163696,1.0718963146209717,0.46912670135498047,1.9031380105018618
sea_ice_thickness,AWI,all,2022,4,2022-04-15,10.0,,,,,,
sea_ice_thickness,AWI,all,2022,4,2022-04-15,11.0,-0.29076480865478516,9.089000701904297,1.0856529474258423,0.916574239730835,0.812147855758667,3.4272413581609698
sea_ice_thickness,AWI,fyi,2022,4,2022-04-15,7.0,-0.0571417361497879,4.052059173583984,1.0122261047363281,0.9907529354095459,0.4201093912124634,1.641957554221152
sea_ice_thickness,AWI,all,2022,4,2022-04-15,12.0,0.2369072139263153,5.873381614685059,1.928952932357788,1.7315471172332764,0.853767454624176,3.4556768608093256
sea_ice_thickness,AWI,all,2022,4,2022-04-15,14.0,-0.02153497003018856,1.7303837537765503,0.5279989242553711,0.45147591829299927,0.3575427532196045,1.4552172736357898
sea_ice_thickness,AWI,all,2022,4,2022-04-15,15.0,,,,,,
sea_ice_thickness,AWI,all,2022,4,2022-04-15,16.0,,,,,,
sea_ice_thickness,AWI,all,2022,4,2022-04-15,17.0,0.19105830788612366,0.6418115496635437,0.4211231768131256,0.3636474311351776,0.14814208447933197,0.4265414917469025
sea_ice_thickness,AWI,all,2022,4,2022-04-15,18.0,,,,,,
sea_ice_thickness,AWI,all,2022,4,2022-04-15,100.0,-0.29076480865478516,9.089000701904297,1.538875699043274,1.4816913604736328,0.7130715250968933,2.9565081334114076
sea_ice_thickness,AWI,fyi,2022,4,2022-04-15,0.0,,,,,,
sea_ice_thickness,AWI,fyi,2022,4,2022-04-15,1.0,0.1698375642299652,3.268615484237671,1.7148077487945557,1.7149920463562012,0.4036783277988434,1.5948156774044038
sea_ice_thickness,AWI,fyi,2022,4,2022-04-15,2.0,0.7241035103797913,4.075872421264648,1.7321369647979736,1.7059625387191772,0.41123905777931213,1.7223122000694284
sea_ice_thickness,AWI,fyi,2022,4,2022-04-15,3.0,-0.016666259616613388,4.157280445098877,1.5295383930206299,1.5466737747192383,0.42292752861976624,1.6446538376808155
sea_ice_thickness,AWI,fyi,2022,4,2022-04-15,4.0,0.26429128646850586,4.104801654815674,1.6311230659484863,1.6628636121749878,0.4178820848464966,1.758497083187102
sea_ice_thickness,AWI,fyi,2022,4,2022-04-15,5.0,0.042924851179122925,3.2936336994171143,1.0516765117645264,1.0269041061401367,0.35899069905281067,1.5390438258647923
sea_ice_thickness,AWI,all,2022,4,2022-04-15,13.0,-0.13511013984680176,2.7777092456817627,0.6920462250709534,0.6447981595993042,0.39379918575286865,1.5059536986798039
sea_ice_thickness,AWI,fyi,2022,4,2022-04-15,8.0,0.03136608004570007,5.68947172164917,1.4721421003341675,1.3665099143981934,0.7914310693740845,3.737029546499246
sea_ice_thickness,AWI,myi,2022,4,2022-04-15,18.0,,,,,,
snow_depth,AWI,all,2022,4,2022-04-15,0.0,,,,,,
snow_depth,AWI,fyi,2022,4,2022-04-15,11.0,0.03352206572890282,0.18948866426944733,0.10380277782678604,0.10112127661705017,0.031061183661222458,0.11223967939615248
snow_depth,AWI,fyi,2022,4,2022-04-15,12.0,0.05591436102986336,0.27236083149909973,0.16570839285850525,0.1540517956018448,0.04942675679922104,0.20456074178218842
snow_depth,AWI,fyi,2022,4,2022-04-15,13.0,0.01219893153756857,0.17043238878250122,0.07231831550598145,0.0655609667301178,0.04229028522968292,0.1451559242606163
snow_depth,AWI,fyi,2022,4,2022-04-15,14.0,0.011204794049263,0.16530805826187134,0.06966574490070343,0.060065560042858124,0.04443163797259331,0.13976057214662432
snow_depth,AWI,fyi,2022,4,2022-04-15,15.0,,,,,,
snow_depth,AWI,fyi,2022,4,2022-04-15,16.0,,,,,,
snow_depth,AWI,fyi,2022,4,2022-04-15,17.0,0.03204226866364479,0.09061845391988754,0.05590558424592018,0.051048457622528076,0.017982006072998047,0.05496562302112579
snow_depth,AWI,fyi,2022,4,2022-04-15,18.0,,,,,,
snow_depth,AWI,fyi,2022,4,2022-04-15,100.0,0.00858268328011036,0.39818692207336426,0.13951915502548218,0.14541271328926086,0.04523731395602226,0.20736078657209872
snow_depth,AWI,myi,2022,4,2022-04-15,0.0,,,,,,
snow_depth,AWI,myi,2022,4,2022-04-15,1.0,0.24763146042823792,0.3918905556201935,0.3400692343711853,0.3406621217727661,0.008248123340308666,0.01996635437011718
snow_depth,AWI,myi,2022,4,2022-04-15,2.0,0.30350634455680847,0.33599430322647095,0.32796230912208557,0.3299228847026825,0.006448768079280853,0.025178989171981858
snow_depth,AWI,fyi,2022,4,2022-04-15,10.0,,,,,,
snow_depth,AWI,myi,2022,4,2022-04-15,3.0,0.1688953936100006,0.25297316908836365,0.19700179994106293,0.16913682222366333,0.03957786038517952,0.08071466445922851
snow_depth,AWI,myi,2022,4,2022-04-15,5.0,0.09333013743162155,0.18673266470432281,0.13460375368595123,0.12374849617481232,0.03889632225036621,0.08966642618179321
snow_depth,AWI,myi,2022,4,2022-04-15,6.0,0.15023081004619598,0.15023081004619598,0.15023081004619598,0.15023081004619598,0.0,0.0
snow_depth,AWI,myi,2022,4,2022-04-15,7.0,0.06439676880836487,0.06439676880836487,0.06439676880836487,0.06439676880836487,0.0,0.0
snow_depth,AWI,myi,2022,4,2022-04-15,8.0,0.05320839211344719,0.36909615993499756,0.3060670793056488,0.33195751905441284,0.07402326166629791,0.2624771513044834
snow_depth,AWI,myi,2022,4,2022-04-15,9.0,0.3370753228664398,0.3370753228664398,0.3370753228664398,0.3370753228664398,0.0,0.0
snow_depth,AWI,myi,2022,4,2022-04-15,10.0,,,,,,
snow_depth,AWI,myi,2022,4,2022-04-15,11.0,,,,,,
snow_depth,AWI,myi,2022,4,2022-04-15,12.0,0.2244824916124344,0.3464626967906952,0.2994237244129181,0.3211762309074402,0.037464022636413574,0.10677418589591983
snow_depth,AWI,myi,2022,4,2022-04-15,13.0,,,,,,
snow_depth,AWI,myi,2022,4,2022-04-15,14.0,,,,,,
snow_depth,AWI,myi,2022,4,2022-04-15,15.0,,,,,,
snow_depth,AWI,myi,2022,4,2022-04-15,16.0,,,,,,
snow_depth,AWI,myi,2022,4,2022-04-15,4.0,,,,,,
sea_ice_thickness,AWI,myi,2022,4,2022-04-15,17.0,,,,,,
snow_depth,AWI,fyi,2022,4,2022-04-15,9.0,0.00858268328011036,0.3489144444465637,0.11805686354637146,0.12277095764875412,0.04954463616013527,0.1945541716367006
snow_depth,AWI,fyi,2022,4,2022-04-15,7.0,0.00937584973871708,0.21049734950065613,0.12708954513072968,0.13401782512664795,0.03923007473349571,0.1348515182733536
snow_depth,AWI,all,2022,4,2022-04-15,1.0,0.11332473158836365,0.39818692207336426,0.20706012845039368,0.16745077073574066,0.0807950347661972,0.22767488211393355
snow_depth,AWI,all,2022,4,2022-04-15,2.0,0.14852817356586456,0.3362743556499481,0.22416536509990692,0.16906586289405823,0.07195587456226349,0.18067825108766555
snow_depth,AWI,all,2022,4,2022-04-15,3.0,0.14899680018424988,0.3296494781970978,0.16879911720752716,0.16375602781772614,0.028732117265462875,0.15735028505325316
snow_depth,AWI,all,2022,4,2022-04-15,4.0,0.10656881332397461,0.27303916215896606,0.13871213793754578,0.1370237171649933,0.020055148750543594,0.0931498005986212
snow_depth,AWI,all,2022,4,2022-04-15,5.0,0.0686376541852951,0.2315618097782135,0.10976094007492065,0.10460653901100159,0.026474259793758392,0.10949952483177165
snow_depth,AWI,all,2022,4,2022-04-15,6.0,0.050641026347875595,0.19675564765930176,0.11223150044679642,0.10757317394018173,0.028174830600619316,0.10312109082937239
snow_depth,AWI,all,2022,4,2022-04-15,7.0,0.00937584973871708,0.21049734950065613,0.12674523890018463,0.13305753469467163,0.03939472511410713,0.1347698564082384
snow_depth,AWI,all,2022,4,2022-04-15,8.0,0.02808448113501072,0.37230566143989563,0.18589019775390625,0.1901613473892212,0.08293499052524567,0.29896355971693994
snow_depth,AWI,all,2022,4,2022-04-15,9.0,0.00858268328011036,0.3516186475753784,0.1201314777135849,0.12441763281822205,0.05296298861503601,0.21038959566503745
snow_depth,AWI,all,2022,4,2022-04-15,10.0,,,,,,
snow_depth,AWI,all,2022,4,2022-04-15,11.0,0.03352206572890282,0.18948866426944733,0.10380277782678604,0.10112127661705017,0.031061183661222458,0.11223967939615248
snow_depth,AWI,all,2022,4,2022-04-15,12.0,0.05591436102986336,0.3464626967906952,0.21106091141700745,0.21017152070999146,0.07195217907428741,0.2744193527102471
snow_depth,AWI,fyi,2022,4,2022-04-15,8.0,0.02808448113501072,0.37230566143989563,0.1582394540309906,0.15923602879047394,0.06948231905698776,0.2195032891631126
snow_depth,AWI,all,2022,4,2022-04-15,13.0,0.01219893153756857,0.17043238878250122,0.07256316393613815,0.06556868553161621,0.04230772703886032,0.1451196439564228
snow_depth,AWI,all,2022,4,2022-04-15,15.0,,,,,,
snow_depth,AWI,all,2022,4,2022-04-15,16.0,,,,,,
snow_depth,AWI,all,2022,4,2022-04-15,17.0,0.03204226866364479,0.09061845391988754,0.05590558424592018,0.051048457622528076,0.017982006072998047,0.05496562302112579
snow_depth,AWI,all,2022,4,2022-04-15,18.0,,,,,,
snow_depth,AWI,all,2022,4,2022-04-15,100.0,0.00858268328011036,0.39818692207336426,0.16354712843894958,0.15280289947986603,0.07449101656675339,0.2962532655894757
snow_depth,AWI,fyi,2022,4,2022-04-15,0.0,,,,,,
snow_depth,AWI,fyi,2022,4,2022-04-15,1.0,0.11332473158836365,0.39818692207336426,0.16362066566944122,0.15863165259361267,0.03475135192275047,0.15962578594684626
snow_depth,AWI,fyi,2022,4,2022-04-15,2.0,0.14852817356586456,0.335716187953949,0.17852622270584106,0.16850948333740234,0.03526510298252106,0.1728951662778854
snow_depth,AWI,fyi,2022,4,2022-04-15,3.0,0.14899680018424988,0.3296494781970978,0.166677787899971,0.16364401578903198,0.023335451260209084,0.10018732011318207
snow_depth,AWI,fyi,2022,4,2022-04-15,4.0,0.10656881332397461,0.2670145332813263,0.13678587973117828,0.13645417988300323,0.01470972504466772,0.04406727969646447
snow_depth,AWI,fyi,2022,4,2022-04-15,5.0,0.0686376541852951,0.23148758709430695,0.1059904620051384,0.10302643477916718,0.02153574302792549,0.09344475597143172
snow_depth,AWI,fyi,2022,4,2022-04-15,6.0,0.050641026347875595,0.19675564765930176,0.11194775253534317,0.10720746964216232,0.028026415035128593,0.1025927498936653
snow_depth,AWI,all,2022,4,2022-04-15,14.0,0.011204794049263,0.16530805826187134,0.06966574490070343,0.060065560042858124,0.04443163797259331,0.13976057214662432
sea_ice_thickness,AWI,myi,2022,4,2022-04-15,100.0,0.47460997104644775,5.873381614685059,2.8526370525360107,2.805363893508911,0.6602210998535156,3.021355390548705
snow_depth,NaRRS,myi,2022,4,2022-04-15,100.0,0.11299999999999999,0.4509999999999934,0.32793605645901,0.3251140350877189,0.04879054708224578,0.20124956521739057
snow_depth,NaRRS,myi,2022,4,2022-04-15,18.0,,,,,,
sea_ice_thickness,NaRRS,fyi,2022,4,2022-04-15,11.0,-0.4536857236114429,6.410411337755761,1.5622862129833128,1.468896412786147,0.7391904496720578,3.005823803594553
sea_ice_thickness,NaRRS,fyi,2022,4,2022-04-15,12.0,0.8026384643153506,7.262518190722403,1.9772904037212011,1.8254829650783087,0.7582425879627593,3.466848967372656
sea_ice_thickness,NaRRS,fyi,2022,4,2022-04-15,13.0,-0.48637655582660955,3.4738620043657797,1.2888688398216714,1.3696886066717677,0.6505847050722132,2.754039761052263
sea_ice_thickness,NaRRS,fyi,2022,4,2022-04-15,14.0,-0.170030938531454,2.3582049054291474,1.0019465532186131,0.9081243482229411,0.5011786091955782,2.051383877142834
sea_ice_thickness,NaRRS,fyi,2022,4,2022-04-15,15.0,,,,,,
sea_ice_thickness,NaRRS,fyi,2022,4,2022-04-15,16.0,,,,,,
sea_ice_thickness,NaRRS,fyi,2022,4,2022-04-15,17.0,-0.3753650115426461,0.6851968396644326,0.28847293714882105,0.4407132014027938,0.38907154225737195,1.0222363482999037
sea_ice_thickness,NaRRS,fyi,2022,4,2022-04-15,18.0,,,,,,
sea_ice_thickness,NaRRS,fyi,2022,4,2022-04-15,100.0,-0.48637655582660955,9.582996309891154,1.6457082615460876,1.6604181910203668,0.6001718285447061,2.4176023857652797
sea_ice_thickness,NaRRS,myi,2022,4,2022-04-15,0.0,,,,,,
sea_ice_thickness,NaRRS,myi,2022,4,2022-04-15,1.0,1.061169850109735,4.961615413502386,3.0021127421270575,2.9715185525200227,0.48515344951298367,1.9022162595561811
sea_ice_thickness,NaRRS,myi,2022,4,2022-04-15,2.0,0.9591107998929829,3.510201369113102,2.551585560208996,2.5171046284309124,0.5625187856115116,2.2895607683821586
sea_ice_thickness,NaRRS,fyi,2022,4,2022-04-15,10.0,,,,,,
sea_ice_thickness,NaRRS,myi,2022,4,2022-04-15,3.0,0.9808761451802184,1.199806297455325,1.070206637998884,1.0299374713611087,0.09380407677734846,0.21017294618410232
sea_ice_thickness,NaRRS,myi,2022,4,2022-04-15,5.0,1.0899202452021655,1.8093771268636942,1.396405594415171,1.2899194111796533,0.30321502992385224,0.6906786063950676
sea_ice_thickness,NaRRS,myi,2022,4,2022-04-15,6.0,2.967699430399392,2.967699430399392,2.967699430399392,2.967699430399392,0.0,0.0
sea_ice_thickness,NaRRS,myi,2022,4,2022-04-15,7.0,0.9232818398082134,0.9232818398082134,0.9232818398082134,0.9232818398082134,0.0,0.0
sea_ice_thickness,NaRRS,myi,2022,4,2022-04-15,8.0,0.8962365126794936,5.459354169071048,3.308247751102294,3.5117650264503197,1.2170839015514192,4.484604933291019
sea_ice_thickness,NaRRS,myi,2022,4,2022-04-15,9.0,0.733042604241831,0.733042604241831,0.733042604241831,0.733042604241831,0.0,0.0
sea_ice_thickness,NaRRS,myi,2022,4,2022-04-15,10.0,,,,,,
sea_ice_thickness,NaRRS,myi,2022,4,2022-04-15,11.0,,,,,,
sea_ice_thickness,NaRRS,myi,2022,4,2022-04-15,12.0,0.7591064035987074,4.534014505666605,2.3860494802657604,2.3036093545000202,0.7151608964231588,2.8483179678491117
sea_ice_thickness,NaRRS,myi,2022,4,2022-04-15,13.0,,,,,,
sea_ice_thickness,NaRRS,myi,2022,4,2022-04-15,14.0,,,,,,
sea_ice_thickness,NaRRS,myi,2022,4,2022-04-15,15.0,,,,,,
sea_ice_thickness,NaRRS,myi,2022,4,2022-04-15,16.0,,,,,,
sea_ice_thickness,NaRRS,myi,2022,4,2022-04-15,4.0,,,,,,
sea_ice_thickness,NaRRS,fyi,2022,4,2022-04-15,9.0,-0.424176409368797,4.503954179924308,1.342643789526373,1.3060200603034244,0.5514399200444055,2.386472251099352
sea_ice_thickness,NaRRS,fyi,2022,4,2022-04-15,8.0,-0.37652878036394366,6.968306939629031,1.659281801047832,1.5116463699596907,0.8497000438814589,3.6004347444306157
sea_ice_thickness,NaRRS,fyi,2022,4,2022-04-15,7.0,-0.4662173017571405,9.582996309891154,1.253595477644119,1.2459756458216995,0.7035011270823017,2.4431757156344953
sea_ice_thickness,NaRRS,all,2022,4,2022-04-15,0.0,,,,,,
sea_ice_thickness,NaRRS,all,2022,4,2022-04-15,1.0,-0.12095203021137024,4.961615413502386,2.175033378903442,2.1271439884489918,0.5898941861586285,2.6022884581649084
sea_ice_thickness,NaRRS,all,2022,4,2022-04-15,2.0,-0.15499452090057275,5.841586985967297,1.9964405926706708,1.9531222805968582,0.4893192239270906,2.091727709841988
sea_ice_thickness,NaRRS,all,2022,4,2022-04-15,3.0,-0.3342871406790664,4.536850214620927,1.6754302389957392,1.6807132759958436,0.47548617038595814,2.211722089545292
sea_ice_thickness,NaRRS,all,2022,4,2022-04-15,4.0,0.5538202238101348,2.6165597398769025,1.810361037577883,1.8610891549728203,0.34207801416363226,1.4112830072850262
sea_ice_thickness,NaRRS,all,2022,4,2022-04-15,5.0,-0.45347511078716707,3.4769596420684366,1.4077797735321376,1.389416548725933,0.36511637160912835,1.5496957732481955
sea_ice_thickness,NaRRS,all,2022,4,2022-04-15,6.0,-0.2636389348547752,4.1845349027358765,1.439296406326363,1.3623641781248006,0.5881608808338341,2.698056454837842
sea_ice_thickness,NaRRS,all,2022,4,2022-04-15,7.0,-0.4662173017571405,9.582996309891154,1.2531355749101285,1.2438650679190697,0.7018058797003485,2.44268291450565
sea_ice_thickness,NaRRS,all,2022,4,2022-04-15,8.0,-0.37652878036394366,6.968306939629031,1.9060210125266004,1.703757664431758,0.9658650420099446,3.966394784295305
sea_ice_thickness,NaRRS,all,2022,4,2022-04-15,9.0,-0.424176409368797,4.503954179924308,1.3449781975453918,1.308927866699573,0.5507990497526334,2.3769051229074027
sea_ice_thickness,NaRRS,all,2022,4,2022-04-15,10.0,,,,,,
sea_ice_thickness,NaRRS,all,2022,4,2022-04-15,11.0,-0.4536857236114429,6.410411337755761,1.5622862129833128,1.468896412786147,0.7391904496720578,3.005823803594553
sea_ice_thickness,NaRRS,all,2022,4,2022-04-15,12.0,0.6887253714771759,7.262518190722403,2.056291293217368,1.9351269747584574,0.7191819230141312,2.8741247466813684
sea_ice_thickness,NaRRS,all,2022,4,2022-04-15,13.0,-0.48637655582660955,3.4738620043657797,1.2894915167342484,1.3768561004354374,0.6493110890863042,2.7538701338702913
sea_ice_thickness,NaRRS,all,2022,4,2022-04-15,14.0,-0.170030938531454,2.3582049054291474,1.0019465532186131,0.9081243482229411,0.5011786091955782,2.051383877142834
sea_ice_thickness,NaRRS,all,2022,4,2022-04-15,15.0,,,,,,
sea_ice_thickness,NaRRS,all,2022,4,2022-04-15,16.0,,,,,,
sea_ice_thickness,NaRRS,all,2022,4,2022-04-15,17.0,-0.3753650115426461,0.6851968396644326,0.28847293714882105,0.4407132014027938,0.38907154225737195,1.0222363482999037
sea_ice_thickness,NaRRS,all,2022,4,2022-04-15,18.0,,,,,,
sea_ice_thickness,NaRRS,all,2022,4,2022-04-15,100.0,-0.48637655582660955,9.582996309891154,1.7644623801912853,1.734795201662498,0.68065355384693,2.9102061022574266
sea_ice_thickness,NaRRS,fyi,2022,4,2022-04-15,0.0,,,,,,
sea_ice_thickness,NaRRS,fyi,2022,4,2022-04-15,1.0,-0.12095203021137024,3.4404421191937047,1.9625180784856036,1.973680360407684,0.430239968107707,1.8815033191326627
sea_ice_thickness,NaRRS,fyi,2022,4,2022-04-15,2.0,-0.15499452090057275,5.841586985967297,1.8803051429414674,1.8931852375759841,0.4298799011530134,1.6761322076393124
sea_ice_thickness,NaRRS,fyi,2022,4,2022-04-15,3.0,-0.3342871406790664,3.820207871368249,1.6678237947655492,1.677793417511585,0.45625601174977637,2.116147947939989
sea_ice_thickness,NaRRS,fyi,2022,4,2022-04-15,4.0,0.5538202238101348,2.6165597398769025,1.8059034282443653,1.8542569404771174,0.3430640270997091,1.4167564964297696
sea_ice_thickness,NaRRS,fyi,2022,4,2022-04-15,5.0,0.15209288183064018,3.4769596420684366,1.397415534614837,1.3762375279944905,0.3485862678334978,1.4331248594704304
sea_ice_thickness,NaRRS,fyi,2022,4,2022-04-15,6.0,-0.2636389348547752,4.1845349027358765,1.4311039236188914,1.3578224601741655,0.5797539716591271,2.6523594610809207
sea_ice_thickness,NaRRS,myi,2022,4,2022-04-15,17.0,,,,,,
snow_depth,AWI,myi,2022,4,2022-04-15,18.0,,,,,,
sea_ice_thickness,NaRRS,myi,2022,4,2022-04-15,18.0,,,,,,
snow_depth,NaRRS,all,2022,4,2022-04-15,0.0,,,,,,
snow_depth,NaRRS,fyi,2022,4,2022-04-15,12.0,0.06683333333333626,0.27500000000000036,0.14525891577911948,0.14177777777777578,0.031723410196268634,0.14845028571428742
snow_depth,NaRRS,fyi,2022,4,2022-04-15,13.0,0.006000000000000227,0.31400000000000006,0.12881506125271636,0.1217500000000058,0.050261241627017166,0.22064000000001088
snow_depth,NaRRS,fyi,2022,4,2022-04-15,14.0,0.04825000000000301,0.25499999999999545,0.12084773662551414,0.117999999999995,0.04448375304535979,0.17013333333333497
snow_depth,NaRRS,fyi,2022,4,2022-04-15,15.0,,,,,,
snow_depth,NaRRS,fyi,2022,4,2022-04-15,16.0,,,,,,
snow_depth,NaRRS,fyi,2022,4,2022-04-15,17.0,0.0926,0.15799999999999997,0.1234,0.12074999999999997,0.02644602994780124,0.06499399999999998
snow_depth,NaRRS,fyi,2022,4,2022-04-15,18.0,,,,,,
snow_depth,NaRRS,fyi,2022,4,2022-04-15,100.0,0.0024999999999999467,0.31400000000000006,0.1384100542401002,0.13539999999999966,0.037502897142416454,0.15818333333333576
snow_depth,NaRRS,myi,2022,4,2022-04-15,0.0,,,,,,
snow_depth,NaRRS,myi,2022,4,2022-04-15,1.0,0.11599999999999966,0.43886363636363657,0.33714689889075355,0.3343962264150942,0.04337958887735808,0.16336012145749218
snow_depth,NaRRS,myi,2022,4,2022-04-15,2.0,0.1925000000000002,0.3735454545454528,0.2911698236067122,0.2907222222222193,0.03741880728221295,0.16667619047619525
snow_depth,NaRRS,myi,2022,4,2022-04-15,3.0,0.16399999999998727,0.2805000000000035,0.20966666666666356,0.1844999999999999,0.050781120726336657,0.11184000000001557
snow_depth,NaRRS,fyi,2022,4,2022-04-15,11.0,0.028999999999996362,0.2579999999999991,0.12396719060755745,0.11858333333333337,0.04483244321094225,0.16099999999999973
snow_depth,NaRRS,myi,2022,4,2022-04-15,4.0,,,,,,
snow_depth,NaRRS,myi,2022,4,2022-04-15,6.0,0.31099999999999994,0.31099999999999994,0.31099999999999994,0.31099999999999994,0.0,0.0
snow_depth,NaRRS,myi,2022,4,2022-04-15,7.0,0.189,0.189,0.189,0.189,0.0,0.0
snow_depth,NaRRS,myi,2022,4,2022-04-15,8.0,0.11299999999999999,0.3376666666666666,0.28555788342914473,0.29411111111111093,0.04376786379028416,0.16425047619047614
snow_depth,NaRRS,myi,2022,4,2022-04-15,9.0,0.20400000000000063,0.20400000000000063,0.20400000000000063,0.20400000000000063,0.0,0.0
snow_depth,NaRRS,myi,2022,4,2022-04-15,10.0,,,,,,
snow_depth,NaRRS,myi,2022,4,2022-04-15,11.0,,,,,,
snow_depth,NaRRS,myi,2022,4,2022-04-15,12.0,0.2108750000000006,0.4509999999999934,0.3319033788945357,0.3423750000000024,0.05068977688862435,0.17858833333333562
snow_depth,NaRRS,myi,2022,4,2022-04-15,13.0,,,,,,
snow_depth,NaRRS,myi,2022,4,2022-04-15,14.0,,,,,,
snow_depth,NaRRS,myi,2022,4,2022-04-15,15.0,,,,,,
snow_depth,NaRRS,myi,2022,4,2022-04-15,16.0,,,,,,
snow_depth,NaRRS,myi,2022,4,2022-04-15,17.0,,,,,,
snow_depth,NaRRS,myi,2022,4,2022-04-15,5.0,0.16599999999999682,0.2067500000000031,0.18291666666666254,0.17599999999998772,0.01734014289317413,0.03912000000000604
snow_depth,NaRRS,fyi,2022,4,2022-04-15,10.0,,,,,,
snow_depth,NaRRS,fyi,2022,4,2022-04-15,9.0,0.0024999999999999467,0.289,0.13584515329042568,0.13141666666666674,0.036750104828314645,0.1540599999999994
snow_depth,NaRRS,fyi,2022,4,2022-04-15,8.0,0.032999999999999474,0.2934444444444444,0.16747780860380587,0.16405555555555582,0.04144398758701979,0.17943999999999977
snow_depth,NaRRS,all,2022,4,2022-04-15,1.0,0.06299999999998818,0.43886363636363657,0.18762740045952414,0.1593750000000016,0.0796140991624325,0.299461355607912
snow_depth,NaRRS,all,2022,4,2022-04-15,2.0,0.059499999999999886,0.3735454545454528,0.18314983822417352,0.1684999999999993,0.05607445073385953,0.21748536752137038
snow_depth,NaRRS,all,2022,4,2022-04-15,3.0,0.02949999999999875,0.32799999999999585,0.13822861978233392,0.1299736842105247,0.037724297063010684,0.18533449999999901
snow_depth,NaRRS,all,2022,4,2022-04-15,4.0,0.06200000000001182,0.20341666666666805,0.13792961726705932,0.13659999999999903,0.02318652778463834,0.10400888888888624
snow_depth,NaRRS,all,2022,4,2022-04-15,5.0,0.029999999999986926,0.26833333333333326,0.10997377847704444,0.10252173913043512,0.03232321363839253,0.13855666666666783
snow_depth,NaRRS,all,2022,4,2022-04-15,6.0,0.02300000000000324,0.31099999999999994,0.1419625879892595,0.1345075757575755,0.04366883218654463,0.18836100000000106
snow_depth,NaRRS,all,2022,4,2022-04-15,7.0,0.0030000000000001137,0.24874999999999997,0.1326605811549376,0.13100000000000023,0.03381247986174414,0.1400133333333335
snow_depth,NaRRS,all,2022,4,2022-04-15,8.0,0.032999999999999474,0.3376666666666666,0.19118459344345218,0.18347916666666647,0.053206015393062224,0.21610324675324694
snow_depth,NaRRS,all,2022,4,2022-04-15,9.0,0.0024999999999999467,0.289,0.13687692085547803,0.13241666666666677,0.03732861634645673,0.15435999999999944
snow_depth,NaRRS,all,2022,4,2022-04-15,10.0,,,,,,
snow_depth,NaRRS,all,2022,4,2022-04-15,11.0,0.028999999999996362,0.2579999999999991,0.12396719060755745,0.11858333333333337,0.04483244321094225,0.16099999999999973
snow_depth,NaRRS,all,2022,4,2022-04-15,12.0,0.06683333333333626,0.4509999999999934,0.200980462009986,0.16899999999999693,0.0832028965646571,0.29332400000000014
snow_depth,NaRRS,all,2022,4,2022-04-15,13.0,0.006000000000000227,0.31400000000000006,0.12908235438803572,0.12237500000000168,0.05032863988569335,0.2203260000000115
snow_depth,NaRRS,all,2022,4,2022-04-15,14.0,0.04825000000000301,0.25499999999999545,0.12084773662551414,0.117999999999995,0.04448375304535979,0.17013333333333497
snow_depth,NaRRS,all,2022,4,2022-04-15,15.0,,,,,,
snow_depth,NaRRS,all,2022,4,2022-04-15,16.0,,,,,,
snow_depth,NaRRS,all,2022,4,2022-04-15,17.0,0.0926,0.15799999999999997,0.1234,0.12074999999999997,0.02644602994780124,0.06499399999999998
snow_depth,NaRRS,all,2022,4,2022-04-15,18.0,,,,,,
snow_depth,NaRRS,all,2022,4,2022-04-15,100.0,0.0024999999999999467,0.4509999999999934,0.15758699736354365,0.14263690476190446,0.06332303439895853,0.28682292207792204
snow_depth,NaRRS,fyi,2022,4,2022-04-15,0.0,,,,,,
snow_depth,NaRRS,fyi,2022,4,2022-04-15,1.0,0.06299999999998818,0.26449999999999907,0.1477790261174887,0.14538095238095022,0.03204863075781515,0.12688879156908636
snow_depth,NaRRS,fyi,2022,4,2022-04-15,2.0,0.059499999999999886,0.2844999999999942,0.15159024293245033,0.15059967320261314,0.030823159542510338,0.12444852272726761
snow_depth,NaRRS,fyi,2022,4,2022-04-15,3.0,0.02949999999999875,0.31299999999999767,0.1362116198216474,0.12968181818181923,0.03428674159323609,0.16959999999999695
snow_depth,NaRRS,fyi,2022,4,2022-04-15,4.0,0.06200000000001182,0.19727272727273001,0.13689008292006785,0.13615476190476195,0.022240869324483856,0.09944433333333677
snow_depth,NaRRS,fyi,2022,4,2022-04-15,5.0,0.029999999999986926,0.26833333333333326,0.1058909745809493,0.10016666666666889,0.028397675824509788,0.11704000000000868
snow_depth,NaRRS,fyi,2022,4,2022-04-15,6.0,0.02300000000000324,0.27749999999999986,0.14119480183978836,0.13404223227752576,0.04275710070834781,0.1851264285714276
snow_depth,NaRRS,fyi,2022,4,2022-04-15,7.0,0.0030000000000001137,0.24874999999999997,0.1323269060042256,0.131,0.03360644530198146,0.14023333333333365
sea_ice_thickness,NaRRS,myi,2022,4,2022-04-15,100.0,0.733042604241831,5.459354169071048,2.8467920619484564,2.8624681600822006,0.6481540450918072,2.9539606883211498
snow_depth,AWI,myi,2022,4,2022-04-15,100.0,0.05320839211344719,0.3918905556201935,0.32945260405540466,0.3378120958805084,0.03224405273795128,0.11089629590511321
